phase,phase_zh,tt,tt_jd_whole,tt_jd_fraction,tdb_jd_whole,tdb_jd_fraction,ut1_estimate,delta_t_seconds,utc,local_fixed_offset,utc_provisional,local_fixed_offset_provisional,utc_status,preceding_new_tt,numerical_bracket_seconds,longitude_residual_arcseconds
last_quarter,下弦,2024-01-04T03:31:36.254,2460313,0.646947387702717,2460313,0.6469473874133911,2024-01-04T03:30:27.078,69.17636226688336,2024-01-04T03:30:27.070Z,2024-01-04T11:30:27.070+08:00,,,within_leap_table_validity,2023-12-12T23:33:11.309,0.0006402321105269948,0.0001206637989525916
new,朔,2024-01-11T11:58:33.748,2460320,0.999001715567907,2460320,0.9990017177280563,2024-01-11T11:57:24.572,69.17599060519204,2024-01-11T11:57:24.564Z,2024-01-11T19:57:24.564+08:00,,,within_leap_table_validity,2024-01-11T11:58:33.748,0.0006402321105269948,1.1037059266527649e-05
first_quarter,上弦,2024-01-18T03:53:45.667,2460327,0.6623341079359406,2460327,0.6623341122853148,2024-01-18T03:52:36.489,69.17803772819191,2024-01-18T03:52:36.483Z,2024-01-18T11:52:36.482+08:00,,,within_leap_table_validity,2024-01-11T11:58:33.748,0.0006402321105269948,6.697725893900497e-05
full,望,2024-01-25T17:55:09.535,2460335,0.2466381356077747,2460335,0.24663814237376158,2024-01-25T17:54:00.358,69.17717088540851,2024-01-25T17:54:00.351Z,2024-01-26T01:54:00.350+08:00,,,within_leap_table_validity,2024-01-11T11:58:33.748,0.0006402321105269948,-7.144446954043815e-05
last_quarter,下弦,2024-02-02T23:19:07.928,2460343,0.4716195358683706,2460343,0.47161954511695114,2024-02-02T23:17:58.747,69.18063021114203,2024-02-02T23:17:58.744Z,2024-02-03T07:17:58.743+08:00,,,within_leap_table_validity,2024-01-11T11:58:33.748,0.0006402321105269948,1.330627128481865e-05
new,朔,2024-02-09T23:00:20.046,2460350,0.45856534765512436,2460350,0.4585653588623444,2024-02-09T22:59:10.865,69.1808242953872,2024-02-09T22:59:10.862Z,2024-02-10T06:59:10.862+08:00,,,within_leap_table_validity,2024-02-09T23:00:20.046,0.0006402308827091474,-1.2829059414798394e-05
first_quarter,上弦,2024-02-16T15:02:05.612,2460357,0.12645384792955383,2460357,0.1264538608489545,2024-02-16T15:00:56.426,69.18665755915293,2024-02-16T15:00:56.428Z,2024-02-16T23:00:56.428+08:00,,,within_leap_table_validity,2024-02-09T23:00:20.046,0.0006402321105269948,-5.456136022985447e-05
full,望,2024-02-24T12:31:35.107,2460365,0.021934113091134577,2460365,0.02193412780806625,2024-02-24T12:30:25.922,69.18578741203785,2024-02-24T12:30:25.923Z,2024-02-24T20:30:25.923+08:00,,,within_leap_table_validity,2024-02-09T23:00:20.046,0.0006402321105269948,-0.00010859312169486657
last_quarter,下弦,2024-03-03T15:24:38.710,2460373,0.14211469443075941,2460373,0.14211471070372284,2024-03-03T15:23:29.522,69.18738831794188,2024-03-03T15:23:29.526Z,2024-03-03T23:23:29.525+08:00,,,within_leap_table_validity,2024-02-09T23:00:20.046,0.0006402308827091474,1.9773392523347866e-05
new,朔,2024-03-10T09:01:35.468,2460379,0.8761049509454892,2460379,0.87610496826278,2024-03-10T09:00:26.279,69.18861119218147,2024-03-10T09:00:26.284Z,2024-03-10T17:00:26.283+08:00,,,within_leap_table_validity,2024-03-10T09:01:35.468,0.0006402321105269948,-7.1720933192409575e-06
first_quarter,上弦,2024-03-17T04:11:52.490,2460386,0.6749130768983918,2460386,0.6749130950292681,2024-03-17T04:10:43.297,69.19321887983162,2024-03-17T04:10:43.306Z,2024-03-17T12:10:43.305+08:00,,,within_leap_table_validity,2024-03-10T09:01:35.468,0.0006402308827091474,9.136806511378381e-05
full,望,2024-03-25T07:01:28.821,2460394,0.792694686456116,2460394,0.7926947052279303,2024-03-25T07:00:19.625,69.19588683620178,2024-03-25T07:00:19.637Z,2024-03-25T15:00:19.636+08:00,,,within_leap_table_validity,2024-03-10T09:01:35.468,0.0006402321105269948,8.683864507474937e-05
last_quarter,下弦,2024-04-02T03:15:52.996,2460402,0.6360300457234018,2460402,0.636030064764114,2024-04-02T03:14:43.798,69.19795156214363,2024-04-02T03:14:43.812Z,2024-04-02T11:14:43.811+08:00,,,within_leap_table_validity,2024-03-10T09:01:35.468,0.0006402321105269948,3.4988920560863335e-05
new,朔,2024-04-08T18:22:00.731,2460409,0.2652862408069723,2460409,0.26528625980429865,2024-04-08T18:20:51.531,69.20057236292364,2024-04-08T18:20:51.547Z,2024-04-09T02:20:51.547+08:00,,,within_leap_table_validity,2024-04-08T18:22:00.731,0.0006402308827091474,-4.6834293243591674e-05
first_quarter,上弦,2024-04-15T19:14:16.242,2460416,0.3015768786005424,2460416,0.3015768972829278,2024-04-15T19:13:07.041,69.20099287918887,2024-04-15T19:13:07.058Z,2024-04-16T03:13:07.058+08:00,,,within_leap_table_validity,2024-04-08T18:22:00.731,0.0006402333383448422,-0.00010752041816886049
full,望,2024-04-23T23:50:07.966,2460424,0.4931477594921603,2460424,0.49314777746752725,2024-04-23T23:48:58.764,69.20290446253175,2024-04-23T23:48:58.782Z,2024-04-24T07:48:58.782+08:00,,,within_leap_table_validity,2024-04-08T18:22:00.731,0.0006402308827091474,5.6498140565963695e-05
last_quarter,下弦,2024-05-01T11:28:25.668,2460431,0.978074856826197,2460431,0.978074873848783,2024-05-01T11:27:16.466,69.2018031590384,2024-05-01T11:27:16.484Z,2024-05-01T19:27:16.483+08:00,,,within_leap_table_validity,2024-04-08T18:22:00.731,0.0006402308827091474,-5.0266248763364274e-05
new,朔,2024-05-08T03:23:05.285,2460438,0.6410333953951977,2460438,0.6410334113374461,2024-05-08T03:21:56.080,69.20553728370665,2024-05-08T03:21:56.101Z,2024-05-08T11:21:56.101+08:00,,,within_leap_table_validity,2024-05-08T03:23:05.285,0.0006402308827091474,9.731326144901686e-05
first_quarter,上弦,2024-05-15T11:49:09.283,2460445,0.9924685510620748,2460445,0.9924685655772976,2024-05-15T11:48:00.079,69.20395214090321,2024-05-15T11:48:00.099Z,2024-05-15T19:48:00.098+08:00,,,within_leap_table_validity,2024-05-08T03:23:05.285,0.0006402333383448422,-0.000102547755886917
full,望,2024-05-23T13:54:17.708,2460454,0.07937161671617332,2460454,0.07937162940405074,2024-05-23T13:53:08.502,69.20519500654638,2024-05-23T13:53:08.524Z,2024-05-23T21:53:08.523+08:00,,,within_leap_table_validity,2024-05-08T03:23:05.285,0.0006402308827091474,0.00011480925650175777
last_quarter,下弦,2024-05-30T17:13:49.614,2460461,0.21793535135623188,2460461,0.21793536223424326,2024-05-30T17:12:40.411,69.20375538966148,2024-05-30T17:12:40.430Z,2024-05-31T01:12:40.430+08:00,,,within_leap_table_validity,2024-05-08T03:23:05.285,0.0006402333383448422,-8.320307642861735e-05
new,朔,2024-06-06T12:38:53.478,2460468,0.02700785077576029,2460468,0.0270078597811505,2024-06-06T12:37:44.273,69.2053323275288,2024-06-06T12:37:44.294Z,2024-06-06T20:37:44.294+08:00,,,within_leap_table_validity,2024-06-06T12:38:53.478,0.0006402308827091474,0.0001370837139802461
first_quarter,上弦,2024-06-14T05:19:36.283,2460475,0.7219477199075754,2460475,0.7219477266567935,2024-06-14T05:18:27.082,69.20092901074136,2024-06-14T05:18:27.099Z,2024-06-14T13:18:27.099+08:00,,,within_leap_table_validity,2024-06-06T12:38:53.478,0.0006402308827091474,2.466962314429111e-05
full,望,2024-06-22T01:09:02.108,2460483,0.5479410705615351,2460483,0.5479410749016154,2024-06-22T01:07:52.914,69.19426023767765,2024-06-22T01:07:52.924Z,2024-06-22T09:07:52.924+08:00,,,within_leap_table_validity,2024-06-06T12:38:53.478,0.0006402333383448422,0.0001015453449326742
last_quarter,下弦,2024-06-28T21:54:34.111,2460490,0.41289480566013026,2460490,0.41289480782461396,2024-06-28T21:53:24.922,69.18875732844353,2024-06-28T21:53:24.927Z,2024-06-29T05:53:24.927+08:00,,,within_leap_table_validity,2024-06-06T12:38:53.478,0.0006402308827091474,9.159991805063328e-05
new,朔,2024-07-05T22:58:33.377,2460497,0.45733075383202504,2460497,0.45733075373505017,2024-07-05T22:57:24.196,69.18133394708013,2024-07-05T22:57:24.193Z,2024-07-06T06:57:24.193+08:00,,,within_leap_table_validity,2024-07-05T22:58:33.377,0.0006402333383448422,-4.115972842555493e-05
first_quarter,上弦,2024-07-13T22:49:58.207,2460505,0.451368141569219,2460505,0.45136813891002703,2024-07-13T22:48:49.035,69.17278316846613,2024-07-13T22:48:49.023Z,2024-07-14T06:48:49.023+08:00,,,within_leap_table_validity,2024-07-05T22:58:33.377,0.0006402308827091474,-0.00012757600416080095
full,望,2024-07-21T10:18:18.462,2460512,0.9293803441264572,2460512,0.9293803391134361,2024-07-21T10:17:09.297,69.16489137702371,2024-07-21T10:17:09.278Z,2024-07-21T18:17:09.277+08:00,,,within_leap_table_validity,2024-07-05T22:58:33.377,0.0006402333383448422,0.0001430943939340068
last_quarter,下弦,2024-07-28T02:52:42.913,2460519,0.6199411225358631,2460519,0.619941115483158,2024-07-28T02:51:33.751,69.16237618451568,2024-07-28T02:51:33.729Z,2024-07-28T10:51:33.728+08:00,,,within_leap_table_validity,2024-07-05T22:58:33.377,0.0006402308827091474,3.962209120800253e-05
new,朔,2024-08-04T11:14:12.962,2460526,0.968205575314812,2460526,0.9682055661260733,2024-08-04T11:13:03.807,69.15436121826727,2024-08-04T11:13:03.778Z,2024-08-04T19:13:03.777+08:00,,,within_leap_table_validity,2024-08-04T11:14:12.962,0.0006402308827091474,-8.804067874734756e-05
first_quarter,上弦,2024-08-12T15:19:56.958,2460535,0.13885367780221713,2460535,0.13885366640522534,2024-08-12T15:18:47.810,69.14759359955562,2024-08-12T15:18:47.774Z,2024-08-12T23:18:47.773+08:00,,,within_leap_table_validity,2024-08-04T11:14:12.962,0.0006402333383448422,3.8034318095014896e-05
full,望,2024-08-19T18:26:58.006,2460542,0.2687269270121533,2460542,0.26872691386392944,2024-08-19T18:25:48.867,69.13966560129172,2024-08-19T18:25:48.822Z,2024-08-20T02:25:48.822+08:00,,,within_leap_table_validity,2024-08-04T11:14:12.962,0.0006402284270734526,0.0001488415023231937
last_quarter,下弦,2024-08-26T09:27:00.701,2460548,0.8937581191861454,2460548,0.8937581045815932,2024-08-26T09:25:51.563,69.13802499008281,2024-08-26T09:25:51.517Z,2024-08-26T17:25:51.517+08:00,,,within_leap_table_validity,2024-08-04T11:14:12.962,0.0006402333383448422,4.37909420725191e-05
new,朔,2024-09-03T01:56:44.552,2460556,0.5810712063120036,2460556,0.5810711902497019,2024-09-03T01:55:35.421,69.13106081560032,2024-09-03T01:55:35.368Z,2024-09-03T09:55:35.368+08:00,,,within_leap_table_validity,2024-09-03T01:56:44.552,0.0006402333383448422,-2.723299985518679e-06
first_quarter,上弦,2024-09-11T06:06:48.888,2460564,0.7547325028401701,2460564,0.7547324855292459,2024-09-11T06:05:39.761,69.12736193932338,2024-09-11T06:05:39.704Z,2024-09-11T14:05:39.704+08:00,,,within_leap_table_validity,2024-09-03T01:56:44.552,0.0006402333383448422,-0.00010761465318864794
full,望,2024-09-18T02:35:37.414,2460571,0.6080719167284769,2460571,0.6080718986287366,2024-09-18T02:34:28.288,69.12550187644393,2024-09-18T02:34:28.230Z,2024-09-18T10:34:28.229+08:00,,,within_leap_table_validity,2024-09-03T01:56:44.552,0.0006402333383448422,-9.681527899374487e-05
last_quarter,下弦,2024-09-24T18:51:01.972,2460578,0.2854394914909335,2460578,0.28543947286175353,2024-09-24T18:49:52.846,69.12631667370357,2024-09-24T18:49:52.788Z,2024-09-25T02:49:52.788+08:00,,,within_leap_table_validity,2024-09-03T01:56:44.552,0.0006402333383448422,-4.1560610952728894e-05
new,朔,2024-10-02T18:50:26.033,2460586,0.28502353075236897,2460586,0.28502351181100494,2024-10-02T18:49:16.908,69.12513294177089,2024-10-02T18:49:16.849Z,2024-10-03T02:49:16.849+08:00,,,within_leap_table_validity,2024-10-02T18:50:26.033,0.0006402333383448422,-8.430483831034508e-05
first_quarter,上弦,2024-10-10T18:56:17.772,2460594,0.289094586252304,2460594,0.28909456735766526,2024-10-10T18:55:08.649,69.12374111944764,2024-10-10T18:55:08.588Z,2024-10-11T02:55:08.588+08:00,,,within_leap_table_validity,2024-10-02T18:50:26.033,0.0006402333383448422,0.0001481301865169371
full,望,2024-10-17T11:27:33.613,2460600,0.9774723673273229,2460600,0.977472348748563,2024-10-17T11:26:24.485,69.12785582987287,2024-10-17T11:26:24.429Z,2024-10-17T19:26:24.428+08:00,,,within_leap_table_validity,2024-10-02T18:50:26.033,0.0006402333383448422,0.00010812143500515958
last_quarter,下弦,2024-10-24T08:04:14.700,2460607,0.8362812492548528,2460607,0.836281231258738,2024-10-24T08:03:05.572,69.12832075301027,2024-10-24T08:03:05.516Z,2024-10-24T16:03:05.515+08:00,,,within_leap_table_validity,2024-10-02T18:50:26.033,0.0006402333383448422,2.506712917238474e-05
new,朔,2024-11-01T12:48:17.774,2460616,0.033539054650987055,2460616,0.03353903768510236,2024-11-01T12:47:08.644,69.13044511014712,2024-11-01T12:47:08.590Z,2024-11-01T20:47:08.590+08:00,,,within_leap_table_validity,2024-11-01T12:48:17.774,0.0006402333383448422,-2.026595211646054e-05
first_quarter,上弦,2024-11-09T05:56:37.674,2460623,0.7476582639089884,2460623,0.7476582482286744,2024-11-09T05:55:28.545,69.12873826878021,2024-11-09T05:55:28.490Z,2024-11-09T13:55:28.490+08:00,,,within_leap_table_validity,2024-11-01T12:48:17.774,0.0006402333383448422,-0.00015104942576726899
full,望,2024-11-15T21:29:40.155,2460630,0.3956036513864092,2460630,0.3956036370431093,2024-11-15T21:28:31.023,69.13263366992162,2024-11-15T21:28:30.971Z,2024-11-16T05:28:30.971+08:00,,,within_leap_table_validity,2024-11-01T12:48:17.774,0.0006402284270734526,0.000137432107294444
last_quarter,下弦,2024-11-23T01:29:04.995,2460637,0.5618633634900334,2460637,0.5618633508047992,2024-11-23T01:27:55.863,69.13199293083683,2024-11-23T01:27:55.811Z,2024-11-23T09:27:55.810+08:00,,,within_leap_table_validity,2024-11-01T12:48:17.774,0.0006402284270734526,2.497320110705914e-05
new,朔,2024-12-01T06:22:34.483,2460645,0.7656768884441152,2460645,0.7656768779012006,2024-12-01T06:21:25.349,69.1344066176149,2024-12-01T06:21:25.299Z,2024-12-01T14:21:25.299+08:00,,,within_leap_table_validity,2024-12-01T06:22:34.483,0.0006242234185549478,-6.411664799088612e-05
first_quarter,上弦,2024-12-08T15:27:46.447,2460653,0.14428758169305667,2460653,0.14428757326521158,2024-12-08T15:26:37.314,69.13349077946631,2024-12-08T15:26:37.263Z,2024-12-08T23:26:37.263+08:00,,,within_leap_table_validity,2024-12-01T06:22:34.483,0.0006242233610009862,8.687629815540276e-06
full,望,2024-12-15T09:02:50.343,2460659,0.8769715657920649,2460659,0.8769715594189229,2024-12-15T09:01:41.207,69.13579542222472,2024-12-15T09:01:41.159Z,2024-12-15T17:01:41.159+08:00,,,within_leap_table_validity,2024-12-01T06:22:34.483,0.0006242233610009862,0.00015277154261639225
last_quarter,下弦,2024-12-22T22:19:20.511,2460667,0.43009850873141175,2460667,0.43009850476849465,2024-12-22T22:18:11.374,69.13708521909632,2024-12-22T22:18:11.327Z,2024-12-23T06:18:11.327+08:00,,,within_leap_table_validity,2024-12-01T06:22:34.483,0.0006242235144782171,-7.108390036592027e-05
new,朔,2024-12-30T22:27:57.103,2460675,0.4360775828407917,2460675,0.43607758150820786,2024-12-30T22:26:47.965,69.13802591951463,2024-12-30T22:26:47.919Z,2024-12-31T06:26:47.919+08:00,,,within_leap_table_validity,2024-12-30T22:27:57.103,0.0006242232075237553,0.00014451559309236472
