new_tt,new_utc,new_local_fixed_offset,new_utc_provisional,new_local_fixed_offset_provisional,new_ut1_estimate,new_utc_status,full_tt,full_utc,full_local_fixed_offset,full_utc_provisional,full_local_fixed_offset_provisional,full_ut1_estimate,full_utc_status,next_new_tt,next_new_utc,next_new_local_fixed_offset,next_new_utc_provisional,next_new_local_fixed_offset_provisional,next_new_ut1_estimate,next_new_utc_status,new_to_full_tt_days,length_tt_days,length_tt_seconds,full_inside_requested_interval,next_new_inside_requested_interval
2024-01-11T11:58:33.748,2024-01-11T11:57:24.564Z,2024-01-11T19:57:24.564+08:00,,,2024-01-11T11:57:24.572,within_leap_table_validity,2024-01-25T17:55:09.535,2024-01-25T17:54:00.351Z,2024-01-26T01:54:00.350+08:00,,,2024-01-25T17:54:00.358,within_leap_table_validity,2024-02-09T23:00:20.046,2024-02-09T22:59:10.862Z,2024-02-10T06:59:10.862+08:00,,,2024-02-09T22:59:10.865,within_leap_table_validity,14.247636420039868,29.459563632087217,2545306.2978123357,True,True
2024-02-09T23:00:20.046,2024-02-09T22:59:10.862Z,2024-02-10T06:59:10.862+08:00,,,2024-02-09T22:59:10.865,within_leap_table_validity,2024-02-24T12:31:35.107,2024-02-24T12:30:25.923Z,2024-02-24T20:30:25.923+08:00,,,2024-02-24T12:30:25.922,within_leap_table_validity,2024-03-10T09:01:35.468,2024-03-10T09:00:26.284Z,2024-03-10T17:00:26.283+08:00,,,2024-03-10T09:00:26.279,within_leap_table_validity,14.56336876543601,29.417539603290365,2541675.4217242873,True,True
2024-03-10T09:01:35.468,2024-03-10T09:00:26.284Z,2024-03-10T17:00:26.283+08:00,,,2024-03-10T09:00:26.279,within_leap_table_validity,2024-03-25T07:01:28.821,2024-03-25T07:00:19.637Z,2024-03-25T15:00:19.636+08:00,,,2024-03-25T07:00:19.625,within_leap_table_validity,2024-04-08T18:22:00.731,2024-04-08T18:20:51.547Z,2024-04-09T02:20:51.547+08:00,,,2024-04-08T18:20:51.531,within_leap_table_validity,14.916589735510627,29.389181289861483,2539225.263444032,True,True
2024-04-08T18:22:00.731,2024-04-08T18:20:51.547Z,2024-04-09T02:20:51.547+08:00,,,2024-04-08T18:20:51.531,within_leap_table_validity,2024-04-23T23:50:07.966,2024-04-23T23:48:58.782Z,2024-04-24T07:48:58.782+08:00,,,2024-04-23T23:48:58.764,within_leap_table_validity,2024-05-08T03:23:05.285,2024-05-08T03:21:56.101Z,2024-05-08T11:21:56.101+08:00,,,2024-05-08T03:21:56.080,within_leap_table_validity,15.227861518685188,29.375747154588225,2538064.5541564226,True,True
2024-05-08T03:23:05.285,2024-05-08T03:21:56.101Z,2024-05-08T11:21:56.101+08:00,,,2024-05-08T03:21:56.080,within_leap_table_validity,2024-05-23T13:54:17.708,2024-05-23T13:53:08.524Z,2024-05-23T21:53:08.523+08:00,,,2024-05-23T13:53:08.502,within_leap_table_validity,2024-06-06T12:38:53.478,2024-06-06T12:37:44.294Z,2024-06-06T20:37:44.294+08:00,,,2024-06-06T12:37:44.273,within_leap_table_validity,15.438338221320976,29.385974455380563,2538948.1929448806,True,True
2024-06-06T12:38:53.478,2024-06-06T12:37:44.294Z,2024-06-06T20:37:44.294+08:00,,,2024-06-06T12:37:44.273,within_leap_table_validity,2024-06-22T01:09:02.108,2024-06-22T01:07:52.924Z,2024-06-22T09:07:52.924+08:00,,,2024-06-22T01:07:52.914,within_leap_table_validity,2024-07-05T22:58:33.377,2024-07-05T22:57:24.193Z,2024-07-06T06:57:24.193+08:00,,,2024-07-05T22:57:24.196,within_leap_table_validity,15.520933219785775,29.430322903056265,2542779.8988240613,True,True
2024-07-05T22:58:33.377,2024-07-05T22:57:24.193Z,2024-07-06T06:57:24.193+08:00,,,2024-07-05T22:57:24.196,within_leap_table_validity,2024-07-21T10:18:18.462,2024-07-21T10:17:09.278Z,2024-07-21T18:17:09.277+08:00,,,2024-07-21T10:17:09.297,within_leap_table_validity,2024-08-04T11:14:12.962,2024-08-04T11:13:03.778Z,2024-08-04T19:13:03.777+08:00,,,2024-08-04T11:13:03.807,within_leap_table_validity,15.472049590294432,29.510874821482787,2549739.5845761127,True,True
2024-08-04T11:14:12.962,2024-08-04T11:13:03.778Z,2024-08-04T19:13:03.777+08:00,,,2024-08-04T11:13:03.807,within_leap_table_validity,2024-08-19T18:26:58.006,2024-08-19T18:25:48.822Z,2024-08-20T02:25:48.822+08:00,,,2024-08-19T18:25:48.867,within_leap_table_validity,2024-09-03T01:56:44.552,2024-09-03T01:55:35.368Z,2024-09-03T09:55:35.368+08:00,,,2024-09-03T01:55:35.421,within_leap_table_validity,15.300521351697341,29.61286563099719,2558551.5905181575,True,True
2024-09-03T01:56:44.552,2024-09-03T01:55:35.368Z,2024-09-03T09:55:35.368+08:00,,,2024-09-03T01:55:35.421,within_leap_table_validity,2024-09-18T02:35:37.414,2024-09-18T02:34:28.230Z,2024-09-18T10:34:28.229+08:00,,,2024-09-18T02:34:28.288,within_leap_table_validity,2024-10-02T18:50:26.033,2024-10-02T18:49:16.849Z,2024-10-03T02:49:16.849+08:00,,,2024-10-02T18:49:16.908,within_leap_table_validity,15.027000710416473,29.703952324440365,2566421.4808316478,True,True
2024-10-02T18:50:26.033,2024-10-02T18:49:16.849Z,2024-10-03T02:49:16.849+08:00,,,2024-10-02T18:49:16.908,within_leap_table_validity,2024-10-17T11:27:33.613,2024-10-17T11:26:24.429Z,2024-10-17T19:26:24.428+08:00,,,2024-10-17T11:26:24.485,within_leap_table_validity,2024-11-01T12:48:17.774,2024-11-01T12:47:08.590Z,2024-11-01T20:47:08.590+08:00,,,2024-11-01T12:47:08.644,within_leap_table_validity,14.692448836574954,29.748515523898618,2570271.7412648406,True,True
2024-11-01T12:48:17.774,2024-11-01T12:47:08.590Z,2024-11-01T20:47:08.590+08:00,,,2024-11-01T12:47:08.644,within_leap_table_validity,2024-11-15T21:29:40.155,2024-11-15T21:28:30.971Z,2024-11-16T05:28:30.971+08:00,,,2024-11-15T21:28:31.023,within_leap_table_validity,2024-12-01T06:22:34.483,2024-12-01T06:21:25.299Z,2024-12-01T14:21:25.299+08:00,,,2024-12-01T06:21:25.349,within_leap_table_validity,14.362064596735422,29.732137833793104,2568856.7088397243,True,True
2024-12-01T06:22:34.483,2024-12-01T06:21:25.299Z,2024-12-01T14:21:25.299+08:00,,,2024-12-01T06:21:25.349,within_leap_table_validity,2024-12-15T09:02:50.343,2024-12-15T09:01:41.159Z,2024-12-15T17:01:41.159+08:00,,,2024-12-15T09:01:41.207,within_leap_table_validity,2024-12-30T22:27:57.103,2024-12-30T22:26:47.919Z,2024-12-31T06:26:47.919+08:00,,,2024-12-30T22:26:47.965,within_leap_table_validity,14.11129467734795,29.670400694396676,2563522.619995873,True,True
2024-12-30T22:27:57.103,2024-12-30T22:26:47.919Z,2024-12-31T06:26:47.919+08:00,,,2024-12-30T22:26:47.965,within_leap_table_validity,2025-01-13T22:28:03.728,2025-01-13T22:26:54.544Z,2025-01-14T06:26:54.543+08:00,,,2025-01-13T22:26:54.588,within_leap_table_validity,2025-01-29T12:37:08.089,2025-01-29T12:35:58.905Z,2025-01-29T20:35:58.904+08:00,,,2025-01-29T12:35:58.953,within_leap_table_validity,14.000076675954698,29.58971048359528,2556550.985782632,False,False
