left_hour_from_day14,right_hour_exclusive,lunar_day,clock_hour,left_label,right_label_exclusive,count,probability,shown_in_chart
0,1,14,0,十四 00:00,十四 01:00,0,0.0,False
1,2,14,1,十四 01:00,十四 02:00,0,0.0,False
2,3,14,2,十四 02:00,十四 03:00,0,0.0,False
3,4,14,3,十四 03:00,十四 04:00,0,0.0,False
4,5,14,4,十四 04:00,十四 05:00,0,0.0,False
5,6,14,5,十四 05:00,十四 06:00,0,0.0,False
6,7,14,6,十四 06:00,十四 07:00,0,0.0,False
7,8,14,7,十四 07:00,十四 08:00,0,0.0,False
8,9,14,8,十四 08:00,十四 09:00,0,0.0,False
9,10,14,9,十四 09:00,十四 10:00,0,0.0,False
10,11,14,10,十四 10:00,十四 11:00,0,0.0,False
11,12,14,11,十四 11:00,十四 12:00,0,0.0,False
12,13,14,12,十四 12:00,十四 13:00,0,0.0,False
13,14,14,13,十四 13:00,十四 14:00,0,0.0,False
14,15,14,14,十四 14:00,十四 15:00,0,0.0,False
15,16,14,15,十四 15:00,十四 16:00,0,0.0,False
16,17,14,16,十四 16:00,十四 17:00,0,0.0,False
17,18,14,17,十四 17:00,十四 18:00,0,0.0,False
18,19,14,18,十四 18:00,十四 19:00,0,0.0,False
19,20,14,19,十四 19:00,十四 20:00,0,0.0,False
20,21,14,20,十四 20:00,十四 21:00,0,0.0,False
21,22,14,21,十四 21:00,十四 22:00,0,0.0,False
22,23,14,22,十四 22:00,十四 23:00,5,0.0020218358269308533,True
23,24,14,23,十四 23:00,十五 00:00,8,0.003234937323089365,True
24,25,15,0,十五 00:00,十五 01:00,9,0.003639304488475536,True
25,26,15,1,十五 01:00,十五 02:00,17,0.006874241811564901,True
26,27,15,2,十五 02:00,十五 03:00,25,0.010109179134654266,True
27,28,15,3,十五 03:00,十五 04:00,25,0.010109179134654266,True
28,29,15,4,十五 04:00,十五 05:00,29,0.011726647796198949,True
29,30,15,5,十五 05:00,十五 06:00,28,0.011322280630812778,True
30,31,15,6,十五 06:00,十五 07:00,23,0.009300444803881924,True
31,32,15,7,十五 07:00,十五 08:00,28,0.011322280630812778,True
32,33,15,8,十五 08:00,十五 09:00,36,0.014557217953902144,True
33,34,15,9,十五 09:00,十五 10:00,36,0.014557217953902144,True
34,35,15,10,十五 10:00,十五 11:00,44,0.017792155276991507,True
35,36,15,11,十五 11:00,十五 12:00,45,0.01819652244237768,True
36,37,15,12,十五 12:00,十五 13:00,55,0.022240194096239386,True
37,38,15,13,十五 13:00,十五 14:00,32,0.01293974929235746,True
38,39,15,14,十五 14:00,十五 15:00,41,0.016579053780832995,True
39,40,15,15,十五 15:00,十五 16:00,41,0.016579053780832995,True
40,41,15,16,十五 16:00,十五 17:00,40,0.016174686615446826,True
41,42,15,17,十五 17:00,十五 18:00,62,0.02507076425394258,True
42,43,15,18,十五 18:00,十五 19:00,56,0.022644561261625555,True
43,44,15,19,十五 19:00,十五 20:00,54,0.021835826930853213,True
44,45,15,20,十五 20:00,十五 21:00,65,0.026283865750101092,True
45,46,15,21,十五 21:00,十五 22:00,48,0.01940962393853619,True
46,47,15,22,十五 22:00,十五 23:00,44,0.017792155276991507,True
47,48,15,23,十五 23:00,十六 00:00,42,0.016983420946219168,True
48,49,16,0,十六 00:00,十六 01:00,44,0.017792155276991507,True
49,50,16,1,十六 01:00,十六 02:00,67,0.027092600080873434,True
50,51,16,2,十六 02:00,十六 03:00,53,0.021431459765467044,True
51,52,16,3,十六 03:00,十六 04:00,52,0.021027092600080875,True
52,53,16,4,十六 04:00,十六 05:00,52,0.021027092600080875,True
53,54,16,5,十六 05:00,十六 06:00,31,0.01253538212697129,True
54,55,16,6,十六 06:00,十六 07:00,29,0.011726647796198949,True
55,56,16,7,十六 07:00,十六 08:00,40,0.016174686615446826,True
56,57,16,8,十六 08:00,十六 09:00,35,0.014152850788515973,True
57,58,16,9,十六 09:00,十六 10:00,50,0.020218358269308533,True
58,59,16,10,十六 10:00,十六 11:00,66,0.02668823291548726,True
59,60,16,11,十六 11:00,十六 12:00,49,0.01981399110392236,True
60,61,16,12,十六 12:00,十六 13:00,58,0.023453295592397897,True
61,62,16,13,十六 13:00,十六 14:00,52,0.021027092600080875,True
62,63,16,14,十六 14:00,十六 15:00,44,0.017792155276991507,True
63,64,16,15,十六 15:00,十六 16:00,49,0.01981399110392236,True
64,65,16,16,十六 16:00,十六 17:00,44,0.017792155276991507,True
65,66,16,17,十六 17:00,十六 18:00,69,0.027901334411645773,True
66,67,16,18,十六 18:00,十六 19:00,68,0.027496967246259604,True
67,68,16,19,十六 19:00,十六 20:00,52,0.021027092600080875,True
68,69,16,20,十六 20:00,十六 21:00,58,0.023453295592397897,True
69,70,16,21,十六 21:00,十六 22:00,40,0.016174686615446826,True
70,71,16,22,十六 22:00,十六 23:00,25,0.010109179134654266,True
71,72,16,23,十六 23:00,十七 00:00,37,0.014961585119288313,True
72,73,17,0,十七 00:00,十七 01:00,35,0.014152850788515973,True
73,74,17,1,十七 01:00,十七 02:00,48,0.01940962393853619,True
74,75,17,2,十七 02:00,十七 03:00,42,0.016983420946219168,True
75,76,17,3,十七 03:00,十七 04:00,35,0.014152850788515973,True
76,77,17,4,十七 04:00,十七 05:00,41,0.016579053780832995,True
77,78,17,5,十七 05:00,十七 06:00,30,0.01213101496158512,True
78,79,17,6,十七 06:00,十七 07:00,23,0.009300444803881924,True
79,80,17,7,十七 07:00,十七 08:00,20,0.008087343307723413,True
80,81,17,8,十七 08:00,十七 09:00,32,0.01293974929235746,True
81,82,17,9,十七 09:00,十七 10:00,20,0.008087343307723413,True
82,83,17,10,十七 10:00,十七 11:00,22,0.008896077638495753,True
83,84,17,11,十七 11:00,十七 12:00,12,0.004852405984634048,True
84,85,17,12,十七 12:00,十七 13:00,8,0.003234937323089365,True
85,86,17,13,十七 13:00,十七 14:00,3,0.001213101496158512,True
86,87,17,14,十七 14:00,十七 15:00,0,0.0,False
87,88,17,15,十七 15:00,十七 16:00,0,0.0,False
88,89,17,16,十七 16:00,十七 17:00,0,0.0,False
89,90,17,17,十七 17:00,十七 18:00,0,0.0,False
90,91,17,18,十七 18:00,十七 19:00,0,0.0,False
91,92,17,19,十七 19:00,十七 20:00,0,0.0,False
92,93,17,20,十七 20:00,十七 21:00,0,0.0,False
93,94,17,21,十七 21:00,十七 22:00,0,0.0,False
94,95,17,22,十七 22:00,十七 23:00,0,0.0,False
95,96,17,23,十七 23:00,十八 00:00,0,0.0,False
