left_minute,right_minute_exclusive,count,probability
20019,20020,2,0.0008087343307723412
20020,20021,0,0.0
20021,20022,0,0.0
20022,20023,2,0.0008087343307723412
20023,20024,0,0.0
20024,20025,2,0.0008087343307723412
20025,20026,3,0.001213101496158512
20026,20027,0,0.0
20027,20028,1,0.0004043671653861706
20028,20029,3,0.001213101496158512
20029,20030,2,0.0008087343307723412
20030,20031,0,0.0
20031,20032,0,0.0
20032,20033,2,0.0008087343307723412
20033,20034,1,0.0004043671653861706
20034,20035,1,0.0004043671653861706
20035,20036,3,0.001213101496158512
20036,20037,2,0.0008087343307723412
20037,20038,1,0.0004043671653861706
20038,20039,0,0.0
20039,20040,4,0.0016174686615446825
20040,20041,0,0.0
20041,20042,1,0.0004043671653861706
20042,20043,3,0.001213101496158512
20043,20044,1,0.0004043671653861706
20044,20045,1,0.0004043671653861706
20045,20046,2,0.0008087343307723412
20046,20047,2,0.0008087343307723412
20047,20048,0,0.0
20048,20049,0,0.0
20049,20050,1,0.0004043671653861706
20050,20051,3,0.001213101496158512
20051,20052,1,0.0004043671653861706
20052,20053,1,0.0004043671653861706
20053,20054,2,0.0008087343307723412
20054,20055,1,0.0004043671653861706
20055,20056,1,0.0004043671653861706
20056,20057,3,0.001213101496158512
20057,20058,2,0.0008087343307723412
20058,20059,2,0.0008087343307723412
20059,20060,2,0.0008087343307723412
20060,20061,2,0.0008087343307723412
20061,20062,1,0.0004043671653861706
20062,20063,3,0.001213101496158512
20063,20064,2,0.0008087343307723412
20064,20065,0,0.0
20065,20066,4,0.0016174686615446825
20066,20067,1,0.0004043671653861706
20067,20068,1,0.0004043671653861706
20068,20069,3,0.001213101496158512
20069,20070,2,0.0008087343307723412
20070,20071,1,0.0004043671653861706
20071,20072,0,0.0
20072,20073,1,0.0004043671653861706
20073,20074,1,0.0004043671653861706
20074,20075,1,0.0004043671653861706
20075,20076,2,0.0008087343307723412
20076,20077,2,0.0008087343307723412
20077,20078,1,0.0004043671653861706
20078,20079,4,0.0016174686615446825
20079,20080,1,0.0004043671653861706
20080,20081,4,0.0016174686615446825
20081,20082,2,0.0008087343307723412
20082,20083,0,0.0
20083,20084,0,0.0
20084,20085,1,0.0004043671653861706
20085,20086,1,0.0004043671653861706
20086,20087,3,0.001213101496158512
20087,20088,0,0.0
20088,20089,0,0.0
20089,20090,1,0.0004043671653861706
20090,20091,0,0.0
20091,20092,0,0.0
20092,20093,1,0.0004043671653861706
20093,20094,2,0.0008087343307723412
20094,20095,4,0.0016174686615446825
20095,20096,2,0.0008087343307723412
20096,20097,2,0.0008087343307723412
20097,20098,1,0.0004043671653861706
20098,20099,2,0.0008087343307723412
20099,20100,1,0.0004043671653861706
20100,20101,2,0.0008087343307723412
20101,20102,6,0.002426202992317024
20102,20103,1,0.0004043671653861706
20103,20104,3,0.001213101496158512
20104,20105,1,0.0004043671653861706
20105,20106,3,0.001213101496158512
20106,20107,1,0.0004043671653861706
20107,20108,1,0.0004043671653861706
20108,20109,2,0.0008087343307723412
20109,20110,2,0.0008087343307723412
20110,20111,2,0.0008087343307723412
20111,20112,2,0.0008087343307723412
20112,20113,3,0.001213101496158512
20113,20114,0,0.0
20114,20115,2,0.0008087343307723412
20115,20116,0,0.0
20116,20117,2,0.0008087343307723412
20117,20118,5,0.0020218358269308533
20118,20119,1,0.0004043671653861706
20119,20120,1,0.0004043671653861706
20120,20121,0,0.0
20121,20122,3,0.001213101496158512
20122,20123,3,0.001213101496158512
20123,20124,2,0.0008087343307723412
20124,20125,0,0.0
20125,20126,5,0.0020218358269308533
20126,20127,0,0.0
20127,20128,5,0.0020218358269308533
20128,20129,4,0.0016174686615446825
20129,20130,2,0.0008087343307723412
20130,20131,0,0.0
20131,20132,2,0.0008087343307723412
20132,20133,3,0.001213101496158512
20133,20134,1,0.0004043671653861706
20134,20135,1,0.0004043671653861706
20135,20136,2,0.0008087343307723412
20136,20137,4,0.0016174686615446825
20137,20138,1,0.0004043671653861706
20138,20139,5,0.0020218358269308533
20139,20140,0,0.0
20140,20141,1,0.0004043671653861706
20141,20142,2,0.0008087343307723412
20142,20143,2,0.0008087343307723412
20143,20144,2,0.0008087343307723412
20144,20145,1,0.0004043671653861706
20145,20146,3,0.001213101496158512
20146,20147,1,0.0004043671653861706
20147,20148,1,0.0004043671653861706
20148,20149,3,0.001213101496158512
20149,20150,4,0.0016174686615446825
20150,20151,2,0.0008087343307723412
20151,20152,1,0.0004043671653861706
20152,20153,2,0.0008087343307723412
20153,20154,2,0.0008087343307723412
20154,20155,1,0.0004043671653861706
20155,20156,4,0.0016174686615446825
20156,20157,6,0.002426202992317024
20157,20158,3,0.001213101496158512
20158,20159,3,0.001213101496158512
20159,20160,2,0.0008087343307723412
20160,20161,5,0.0020218358269308533
20161,20162,3,0.001213101496158512
20162,20163,3,0.001213101496158512
20163,20164,3,0.001213101496158512
20164,20165,3,0.001213101496158512
20165,20166,4,0.0016174686615446825
20166,20167,2,0.0008087343307723412
20167,20168,1,0.0004043671653861706
20168,20169,2,0.0008087343307723412
20169,20170,2,0.0008087343307723412
20170,20171,3,0.001213101496158512
20171,20172,1,0.0004043671653861706
20172,20173,0,0.0
20173,20174,4,0.0016174686615446825
20174,20175,2,0.0008087343307723412
20175,20176,3,0.001213101496158512
20176,20177,0,0.0
20177,20178,6,0.002426202992317024
20178,20179,1,0.0004043671653861706
20179,20180,4,0.0016174686615446825
20180,20181,1,0.0004043671653861706
20181,20182,0,0.0
20182,20183,3,0.001213101496158512
20183,20184,2,0.0008087343307723412
20184,20185,1,0.0004043671653861706
20185,20186,5,0.0020218358269308533
20186,20187,3,0.001213101496158512
20187,20188,3,0.001213101496158512
20188,20189,1,0.0004043671653861706
20189,20190,1,0.0004043671653861706
20190,20191,1,0.0004043671653861706
20191,20192,1,0.0004043671653861706
20192,20193,0,0.0
20193,20194,2,0.0008087343307723412
20194,20195,2,0.0008087343307723412
20195,20196,1,0.0004043671653861706
20196,20197,1,0.0004043671653861706
20197,20198,2,0.0008087343307723412
20198,20199,3,0.001213101496158512
20199,20200,2,0.0008087343307723412
20200,20201,1,0.0004043671653861706
20201,20202,1,0.0004043671653861706
20202,20203,2,0.0008087343307723412
20203,20204,1,0.0004043671653861706
20204,20205,2,0.0008087343307723412
20205,20206,2,0.0008087343307723412
20206,20207,1,0.0004043671653861706
20207,20208,2,0.0008087343307723412
20208,20209,3,0.001213101496158512
20209,20210,0,0.0
20210,20211,2,0.0008087343307723412
20211,20212,0,0.0
20212,20213,3,0.001213101496158512
20213,20214,2,0.0008087343307723412
20214,20215,1,0.0004043671653861706
20215,20216,4,0.0016174686615446825
20216,20217,1,0.0004043671653861706
20217,20218,1,0.0004043671653861706
20218,20219,1,0.0004043671653861706
20219,20220,1,0.0004043671653861706
20220,20221,2,0.0008087343307723412
20221,20222,2,0.0008087343307723412
20222,20223,2,0.0008087343307723412
20223,20224,1,0.0004043671653861706
20224,20225,2,0.0008087343307723412
20225,20226,0,0.0
20226,20227,2,0.0008087343307723412
20227,20228,2,0.0008087343307723412
20228,20229,1,0.0004043671653861706
20229,20230,3,0.001213101496158512
20230,20231,1,0.0004043671653861706
20231,20232,2,0.0008087343307723412
20232,20233,0,0.0
20233,20234,0,0.0
20234,20235,4,0.0016174686615446825
20235,20236,1,0.0004043671653861706
20236,20237,1,0.0004043671653861706
20237,20238,1,0.0004043671653861706
20238,20239,4,0.0016174686615446825
20239,20240,0,0.0
20240,20241,3,0.001213101496158512
20241,20242,0,0.0
20242,20243,0,0.0
20243,20244,2,0.0008087343307723412
20244,20245,1,0.0004043671653861706
20245,20246,1,0.0004043671653861706
20246,20247,2,0.0008087343307723412
20247,20248,2,0.0008087343307723412
20248,20249,4,0.0016174686615446825
20249,20250,0,0.0
20250,20251,1,0.0004043671653861706
20251,20252,0,0.0
20252,20253,1,0.0004043671653861706
20253,20254,2,0.0008087343307723412
20254,20255,1,0.0004043671653861706
20255,20256,1,0.0004043671653861706
20256,20257,3,0.001213101496158512
20257,20258,1,0.0004043671653861706
20258,20259,1,0.0004043671653861706
20259,20260,1,0.0004043671653861706
20260,20261,0,0.0
20261,20262,1,0.0004043671653861706
20262,20263,1,0.0004043671653861706
20263,20264,2,0.0008087343307723412
20264,20265,2,0.0008087343307723412
20265,20266,2,0.0008087343307723412
20266,20267,2,0.0008087343307723412
20267,20268,2,0.0008087343307723412
20268,20269,0,0.0
20269,20270,0,0.0
20270,20271,0,0.0
20271,20272,1,0.0004043671653861706
20272,20273,2,0.0008087343307723412
20273,20274,1,0.0004043671653861706
20274,20275,3,0.001213101496158512
20275,20276,1,0.0004043671653861706
20276,20277,1,0.0004043671653861706
20277,20278,2,0.0008087343307723412
20278,20279,2,0.0008087343307723412
20279,20280,1,0.0004043671653861706
20280,20281,1,0.0004043671653861706
20281,20282,1,0.0004043671653861706
20282,20283,1,0.0004043671653861706
20283,20284,1,0.0004043671653861706
20284,20285,1,0.0004043671653861706
20285,20286,2,0.0008087343307723412
20286,20287,2,0.0008087343307723412
20287,20288,0,0.0
20288,20289,3,0.001213101496158512
20289,20290,0,0.0
20290,20291,0,0.0
20291,20292,2,0.0008087343307723412
20292,20293,1,0.0004043671653861706
20293,20294,0,0.0
20294,20295,1,0.0004043671653861706
20295,20296,1,0.0004043671653861706
20296,20297,4,0.0016174686615446825
20297,20298,1,0.0004043671653861706
20298,20299,1,0.0004043671653861706
20299,20300,0,0.0
20300,20301,1,0.0004043671653861706
20301,20302,3,0.001213101496158512
20302,20303,3,0.001213101496158512
20303,20304,0,0.0
20304,20305,0,0.0
20305,20306,1,0.0004043671653861706
20306,20307,2,0.0008087343307723412
20307,20308,0,0.0
20308,20309,4,0.0016174686615446825
20309,20310,1,0.0004043671653861706
20310,20311,1,0.0004043671653861706
20311,20312,2,0.0008087343307723412
20312,20313,0,0.0
20313,20314,1,0.0004043671653861706
20314,20315,0,0.0
20315,20316,0,0.0
20316,20317,0,0.0
20317,20318,2,0.0008087343307723412
20318,20319,2,0.0008087343307723412
20319,20320,2,0.0008087343307723412
20320,20321,2,0.0008087343307723412
20321,20322,0,0.0
20322,20323,2,0.0008087343307723412
20323,20324,3,0.001213101496158512
20324,20325,1,0.0004043671653861706
20325,20326,1,0.0004043671653861706
20326,20327,1,0.0004043671653861706
20327,20328,0,0.0
20328,20329,0,0.0
20329,20330,2,0.0008087343307723412
20330,20331,2,0.0008087343307723412
20331,20332,1,0.0004043671653861706
20332,20333,2,0.0008087343307723412
20333,20334,1,0.0004043671653861706
20334,20335,0,0.0
20335,20336,0,0.0
20336,20337,1,0.0004043671653861706
20337,20338,2,0.0008087343307723412
20338,20339,0,0.0
20339,20340,1,0.0004043671653861706
20340,20341,0,0.0
20341,20342,1,0.0004043671653861706
20342,20343,2,0.0008087343307723412
20343,20344,1,0.0004043671653861706
20344,20345,1,0.0004043671653861706
20345,20346,2,0.0008087343307723412
20346,20347,2,0.0008087343307723412
20347,20348,0,0.0
20348,20349,1,0.0004043671653861706
20349,20350,0,0.0
20350,20351,1,0.0004043671653861706
20351,20352,2,0.0008087343307723412
20352,20353,0,0.0
20353,20354,2,0.0008087343307723412
20354,20355,3,0.001213101496158512
20355,20356,1,0.0004043671653861706
20356,20357,0,0.0
20357,20358,1,0.0004043671653861706
20358,20359,2,0.0008087343307723412
20359,20360,0,0.0
20360,20361,0,0.0
20361,20362,1,0.0004043671653861706
20362,20363,3,0.001213101496158512
20363,20364,1,0.0004043671653861706
20364,20365,2,0.0008087343307723412
20365,20366,0,0.0
20366,20367,1,0.0004043671653861706
20367,20368,2,0.0008087343307723412
20368,20369,2,0.0008087343307723412
20369,20370,0,0.0
20370,20371,0,0.0
20371,20372,0,0.0
20372,20373,3,0.001213101496158512
20373,20374,1,0.0004043671653861706
20374,20375,0,0.0
20375,20376,0,0.0
20376,20377,0,0.0
20377,20378,0,0.0
20378,20379,0,0.0
20379,20380,1,0.0004043671653861706
20380,20381,6,0.002426202992317024
20381,20382,0,0.0
20382,20383,0,0.0
20383,20384,1,0.0004043671653861706
20384,20385,3,0.001213101496158512
20385,20386,2,0.0008087343307723412
20386,20387,1,0.0004043671653861706
20387,20388,2,0.0008087343307723412
20388,20389,0,0.0
20389,20390,1,0.0004043671653861706
20390,20391,0,0.0
20391,20392,3,0.001213101496158512
20392,20393,0,0.0
20393,20394,2,0.0008087343307723412
20394,20395,1,0.0004043671653861706
20395,20396,0,0.0
20396,20397,0,0.0
20397,20398,1,0.0004043671653861706
20398,20399,1,0.0004043671653861706
20399,20400,0,0.0
20400,20401,2,0.0008087343307723412
20401,20402,0,0.0
20402,20403,0,0.0
20403,20404,1,0.0004043671653861706
20404,20405,1,0.0004043671653861706
20405,20406,1,0.0004043671653861706
20406,20407,1,0.0004043671653861706
20407,20408,1,0.0004043671653861706
20408,20409,0,0.0
20409,20410,1,0.0004043671653861706
20410,20411,4,0.0016174686615446825
20411,20412,1,0.0004043671653861706
20412,20413,1,0.0004043671653861706
20413,20414,2,0.0008087343307723412
20414,20415,1,0.0004043671653861706
20415,20416,1,0.0004043671653861706
20416,20417,1,0.0004043671653861706
20417,20418,1,0.0004043671653861706
20418,20419,1,0.0004043671653861706
20419,20420,0,0.0
20420,20421,1,0.0004043671653861706
20421,20422,1,0.0004043671653861706
20422,20423,0,0.0
20423,20424,0,0.0
20424,20425,3,0.001213101496158512
20425,20426,0,0.0
20426,20427,1,0.0004043671653861706
20427,20428,0,0.0
20428,20429,0,0.0
20429,20430,2,0.0008087343307723412
20430,20431,0,0.0
20431,20432,0,0.0
20432,20433,0,0.0
20433,20434,1,0.0004043671653861706
20434,20435,2,0.0008087343307723412
20435,20436,4,0.0016174686615446825
20436,20437,1,0.0004043671653861706
20437,20438,1,0.0004043671653861706
20438,20439,2,0.0008087343307723412
20439,20440,0,0.0
20440,20441,2,0.0008087343307723412
20441,20442,0,0.0
20442,20443,2,0.0008087343307723412
20443,20444,0,0.0
20444,20445,0,0.0
20445,20446,0,0.0
20446,20447,1,0.0004043671653861706
20447,20448,1,0.0004043671653861706
20448,20449,4,0.0016174686615446825
20449,20450,0,0.0
20450,20451,0,0.0
20451,20452,1,0.0004043671653861706
20452,20453,0,0.0
20453,20454,2,0.0008087343307723412
20454,20455,0,0.0
20455,20456,2,0.0008087343307723412
20456,20457,0,0.0
20457,20458,2,0.0008087343307723412
20458,20459,0,0.0
20459,20460,0,0.0
20460,20461,0,0.0
20461,20462,1,0.0004043671653861706
20462,20463,1,0.0004043671653861706
20463,20464,2,0.0008087343307723412
20464,20465,2,0.0008087343307723412
20465,20466,1,0.0004043671653861706
20466,20467,1,0.0004043671653861706
20467,20468,0,0.0
20468,20469,1,0.0004043671653861706
20469,20470,1,0.0004043671653861706
20470,20471,3,0.001213101496158512
20471,20472,0,0.0
20472,20473,1,0.0004043671653861706
20473,20474,1,0.0004043671653861706
20474,20475,1,0.0004043671653861706
20475,20476,2,0.0008087343307723412
20476,20477,1,0.0004043671653861706
20477,20478,1,0.0004043671653861706
20478,20479,0,0.0
20479,20480,0,0.0
20480,20481,0,0.0
20481,20482,0,0.0
20482,20483,3,0.001213101496158512
20483,20484,0,0.0
20484,20485,1,0.0004043671653861706
20485,20486,1,0.0004043671653861706
20486,20487,2,0.0008087343307723412
20487,20488,0,0.0
20488,20489,0,0.0
20489,20490,2,0.0008087343307723412
20490,20491,0,0.0
20491,20492,3,0.001213101496158512
20492,20493,1,0.0004043671653861706
20493,20494,1,0.0004043671653861706
20494,20495,0,0.0
20495,20496,0,0.0
20496,20497,0,0.0
20497,20498,1,0.0004043671653861706
20498,20499,0,0.0
20499,20500,1,0.0004043671653861706
20500,20501,1,0.0004043671653861706
20501,20502,1,0.0004043671653861706
20502,20503,3,0.001213101496158512
20503,20504,1,0.0004043671653861706
20504,20505,1,0.0004043671653861706
20505,20506,4,0.0016174686615446825
20506,20507,0,0.0
20507,20508,1,0.0004043671653861706
20508,20509,0,0.0
20509,20510,1,0.0004043671653861706
20510,20511,0,0.0
20511,20512,0,0.0
20512,20513,0,0.0
20513,20514,0,0.0
20514,20515,0,0.0
20515,20516,2,0.0008087343307723412
20516,20517,2,0.0008087343307723412
20517,20518,1,0.0004043671653861706
20518,20519,0,0.0
20519,20520,0,0.0
20520,20521,3,0.001213101496158512
20521,20522,0,0.0
20522,20523,1,0.0004043671653861706
20523,20524,0,0.0
20524,20525,0,0.0
20525,20526,0,0.0
20526,20527,0,0.0
20527,20528,1,0.0004043671653861706
20528,20529,0,0.0
20529,20530,4,0.0016174686615446825
20530,20531,2,0.0008087343307723412
20531,20532,0,0.0
20532,20533,0,0.0
20533,20534,0,0.0
20534,20535,2,0.0008087343307723412
20535,20536,0,0.0
20536,20537,0,0.0
20537,20538,1,0.0004043671653861706
20538,20539,0,0.0
20539,20540,2,0.0008087343307723412
20540,20541,2,0.0008087343307723412
20541,20542,1,0.0004043671653861706
20542,20543,1,0.0004043671653861706
20543,20544,2,0.0008087343307723412
20544,20545,1,0.0004043671653861706
20545,20546,1,0.0004043671653861706
20546,20547,0,0.0
20547,20548,2,0.0008087343307723412
20548,20549,1,0.0004043671653861706
20549,20550,1,0.0004043671653861706
20550,20551,1,0.0004043671653861706
20551,20552,0,0.0
20552,20553,0,0.0
20553,20554,1,0.0004043671653861706
20554,20555,0,0.0
20555,20556,0,0.0
20556,20557,1,0.0004043671653861706
20557,20558,0,0.0
20558,20559,0,0.0
20559,20560,0,0.0
20560,20561,2,0.0008087343307723412
20561,20562,2,0.0008087343307723412
20562,20563,2,0.0008087343307723412
20563,20564,0,0.0
20564,20565,1,0.0004043671653861706
20565,20566,1,0.0004043671653861706
20566,20567,1,0.0004043671653861706
20567,20568,0,0.0
20568,20569,1,0.0004043671653861706
20569,20570,2,0.0008087343307723412
20570,20571,0,0.0
20571,20572,0,0.0
20572,20573,0,0.0
20573,20574,1,0.0004043671653861706
20574,20575,0,0.0
20575,20576,0,0.0
20576,20577,1,0.0004043671653861706
20577,20578,0,0.0
20578,20579,0,0.0
20579,20580,1,0.0004043671653861706
20580,20581,2,0.0008087343307723412
20581,20582,2,0.0008087343307723412
20582,20583,2,0.0008087343307723412
20583,20584,0,0.0
20584,20585,1,0.0004043671653861706
20585,20586,0,0.0
20586,20587,2,0.0008087343307723412
20587,20588,0,0.0
20588,20589,0,0.0
20589,20590,1,0.0004043671653861706
20590,20591,1,0.0004043671653861706
20591,20592,0,0.0
20592,20593,2,0.0008087343307723412
20593,20594,2,0.0008087343307723412
20594,20595,1,0.0004043671653861706
20595,20596,3,0.001213101496158512
20596,20597,1,0.0004043671653861706
20597,20598,0,0.0
20598,20599,1,0.0004043671653861706
20599,20600,1,0.0004043671653861706
20600,20601,0,0.0
20601,20602,1,0.0004043671653861706
20602,20603,1,0.0004043671653861706
20603,20604,2,0.0008087343307723412
20604,20605,0,0.0
20605,20606,1,0.0004043671653861706
20606,20607,0,0.0
20607,20608,1,0.0004043671653861706
20608,20609,0,0.0
20609,20610,0,0.0
20610,20611,1,0.0004043671653861706
20611,20612,0,0.0
20612,20613,1,0.0004043671653861706
20613,20614,0,0.0
20614,20615,0,0.0
20615,20616,2,0.0008087343307723412
20616,20617,0,0.0
20617,20618,0,0.0
20618,20619,1,0.0004043671653861706
20619,20620,0,0.0
20620,20621,2,0.0008087343307723412
20621,20622,1,0.0004043671653861706
20622,20623,0,0.0
20623,20624,0,0.0
20624,20625,2,0.0008087343307723412
20625,20626,0,0.0
20626,20627,2,0.0008087343307723412
20627,20628,4,0.0016174686615446825
20628,20629,0,0.0
20629,20630,0,0.0
20630,20631,1,0.0004043671653861706
20631,20632,1,0.0004043671653861706
20632,20633,2,0.0008087343307723412
20633,20634,0,0.0
20634,20635,2,0.0008087343307723412
20635,20636,1,0.0004043671653861706
20636,20637,0,0.0
20637,20638,0,0.0
20638,20639,0,0.0
20639,20640,0,0.0
20640,20641,1,0.0004043671653861706
20641,20642,1,0.0004043671653861706
20642,20643,1,0.0004043671653861706
20643,20644,1,0.0004043671653861706
20644,20645,0,0.0
20645,20646,0,0.0
20646,20647,1,0.0004043671653861706
20647,20648,0,0.0
20648,20649,1,0.0004043671653861706
20649,20650,1,0.0004043671653861706
20650,20651,3,0.001213101496158512
20651,20652,1,0.0004043671653861706
20652,20653,0,0.0
20653,20654,0,0.0
20654,20655,0,0.0
20655,20656,1,0.0004043671653861706
20656,20657,0,0.0
20657,20658,1,0.0004043671653861706
20658,20659,2,0.0008087343307723412
20659,20660,2,0.0008087343307723412
20660,20661,1,0.0004043671653861706
20661,20662,1,0.0004043671653861706
20662,20663,2,0.0008087343307723412
20663,20664,0,0.0
20664,20665,0,0.0
20665,20666,0,0.0
20666,20667,1,0.0004043671653861706
20667,20668,3,0.001213101496158512
20668,20669,1,0.0004043671653861706
20669,20670,0,0.0
20670,20671,2,0.0008087343307723412
20671,20672,1,0.0004043671653861706
20672,20673,0,0.0
20673,20674,0,0.0
20674,20675,0,0.0
20675,20676,0,0.0
20676,20677,3,0.001213101496158512
20677,20678,0,0.0
20678,20679,0,0.0
20679,20680,0,0.0
20680,20681,1,0.0004043671653861706
20681,20682,1,0.0004043671653861706
20682,20683,1,0.0004043671653861706
20683,20684,2,0.0008087343307723412
20684,20685,1,0.0004043671653861706
20685,20686,1,0.0004043671653861706
20686,20687,1,0.0004043671653861706
20687,20688,0,0.0
20688,20689,0,0.0
20689,20690,1,0.0004043671653861706
20690,20691,0,0.0
20691,20692,0,0.0
20692,20693,0,0.0
20693,20694,0,0.0
20694,20695,0,0.0
20695,20696,1,0.0004043671653861706
20696,20697,0,0.0
20697,20698,1,0.0004043671653861706
20698,20699,1,0.0004043671653861706
20699,20700,1,0.0004043671653861706
20700,20701,1,0.0004043671653861706
20701,20702,3,0.001213101496158512
20702,20703,0,0.0
20703,20704,3,0.001213101496158512
20704,20705,2,0.0008087343307723412
20705,20706,1,0.0004043671653861706
20706,20707,1,0.0004043671653861706
20707,20708,2,0.0008087343307723412
20708,20709,0,0.0
20709,20710,1,0.0004043671653861706
20710,20711,0,0.0
20711,20712,0,0.0
20712,20713,1,0.0004043671653861706
20713,20714,2,0.0008087343307723412
20714,20715,0,0.0
20715,20716,0,0.0
20716,20717,0,0.0
20717,20718,2,0.0008087343307723412
20718,20719,0,0.0
20719,20720,0,0.0
20720,20721,1,0.0004043671653861706
20721,20722,1,0.0004043671653861706
20722,20723,0,0.0
20723,20724,1,0.0004043671653861706
20724,20725,2,0.0008087343307723412
20725,20726,0,0.0
20726,20727,1,0.0004043671653861706
20727,20728,0,0.0
20728,20729,1,0.0004043671653861706
20729,20730,0,0.0
20730,20731,1,0.0004043671653861706
20731,20732,1,0.0004043671653861706
20732,20733,2,0.0008087343307723412
20733,20734,1,0.0004043671653861706
20734,20735,0,0.0
20735,20736,1,0.0004043671653861706
20736,20737,0,0.0
20737,20738,1,0.0004043671653861706
20738,20739,1,0.0004043671653861706
20739,20740,0,0.0
20740,20741,1,0.0004043671653861706
20741,20742,1,0.0004043671653861706
20742,20743,1,0.0004043671653861706
20743,20744,0,0.0
20744,20745,4,0.0016174686615446825
20745,20746,0,0.0
20746,20747,0,0.0
20747,20748,2,0.0008087343307723412
20748,20749,1,0.0004043671653861706
20749,20750,0,0.0
20750,20751,1,0.0004043671653861706
20751,20752,3,0.001213101496158512
20752,20753,0,0.0
20753,20754,0,0.0
20754,20755,0,0.0
20755,20756,1,0.0004043671653861706
20756,20757,1,0.0004043671653861706
20757,20758,0,0.0
20758,20759,0,0.0
20759,20760,1,0.0004043671653861706
20760,20761,0,0.0
20761,20762,1,0.0004043671653861706
20762,20763,0,0.0
20763,20764,1,0.0004043671653861706
20764,20765,0,0.0
20765,20766,1,0.0004043671653861706
20766,20767,2,0.0008087343307723412
20767,20768,0,0.0
20768,20769,0,0.0
20769,20770,1,0.0004043671653861706
20770,20771,0,0.0
20771,20772,1,0.0004043671653861706
20772,20773,0,0.0
20773,20774,2,0.0008087343307723412
20774,20775,0,0.0
20775,20776,0,0.0
20776,20777,0,0.0
20777,20778,1,0.0004043671653861706
20778,20779,1,0.0004043671653861706
20779,20780,0,0.0
20780,20781,0,0.0
20781,20782,0,0.0
20782,20783,1,0.0004043671653861706
20783,20784,2,0.0008087343307723412
20784,20785,1,0.0004043671653861706
20785,20786,2,0.0008087343307723412
20786,20787,3,0.001213101496158512
20787,20788,0,0.0
20788,20789,1,0.0004043671653861706
20789,20790,0,0.0
20790,20791,1,0.0004043671653861706
20791,20792,2,0.0008087343307723412
20792,20793,3,0.001213101496158512
20793,20794,0,0.0
20794,20795,0,0.0
20795,20796,0,0.0
20796,20797,0,0.0
20797,20798,0,0.0
20798,20799,0,0.0
20799,20800,0,0.0
20800,20801,0,0.0
20801,20802,0,0.0
20802,20803,1,0.0004043671653861706
20803,20804,2,0.0008087343307723412
20804,20805,2,0.0008087343307723412
20805,20806,0,0.0
20806,20807,0,0.0
20807,20808,1,0.0004043671653861706
20808,20809,2,0.0008087343307723412
20809,20810,0,0.0
20810,20811,0,0.0
20811,20812,1,0.0004043671653861706
20812,20813,1,0.0004043671653861706
20813,20814,0,0.0
20814,20815,2,0.0008087343307723412
20815,20816,1,0.0004043671653861706
20816,20817,0,0.0
20817,20818,2,0.0008087343307723412
20818,20819,0,0.0
20819,20820,0,0.0
20820,20821,1,0.0004043671653861706
20821,20822,1,0.0004043671653861706
20822,20823,0,0.0
20823,20824,1,0.0004043671653861706
20824,20825,0,0.0
20825,20826,1,0.0004043671653861706
20826,20827,2,0.0008087343307723412
20827,20828,0,0.0
20828,20829,3,0.001213101496158512
20829,20830,2,0.0008087343307723412
20830,20831,0,0.0
20831,20832,0,0.0
20832,20833,0,0.0
20833,20834,0,0.0
20834,20835,1,0.0004043671653861706
20835,20836,0,0.0
20836,20837,0,0.0
20837,20838,0,0.0
20838,20839,0,0.0
20839,20840,1,0.0004043671653861706
20840,20841,0,0.0
20841,20842,0,0.0
20842,20843,0,0.0
20843,20844,0,0.0
20844,20845,1,0.0004043671653861706
20845,20846,2,0.0008087343307723412
20846,20847,0,0.0
20847,20848,1,0.0004043671653861706
20848,20849,2,0.0008087343307723412
20849,20850,4,0.0016174686615446825
20850,20851,0,0.0
20851,20852,0,0.0
20852,20853,1,0.0004043671653861706
20853,20854,1,0.0004043671653861706
20854,20855,0,0.0
20855,20856,1,0.0004043671653861706
20856,20857,1,0.0004043671653861706
20857,20858,0,0.0
20858,20859,1,0.0004043671653861706
20859,20860,3,0.001213101496158512
20860,20861,1,0.0004043671653861706
20861,20862,0,0.0
20862,20863,2,0.0008087343307723412
20863,20864,0,0.0
20864,20865,0,0.0
20865,20866,0,0.0
20866,20867,1,0.0004043671653861706
20867,20868,2,0.0008087343307723412
20868,20869,1,0.0004043671653861706
20869,20870,0,0.0
20870,20871,1,0.0004043671653861706
20871,20872,1,0.0004043671653861706
20872,20873,0,0.0
20873,20874,0,0.0
20874,20875,1,0.0004043671653861706
20875,20876,0,0.0
20876,20877,0,0.0
20877,20878,0,0.0
20878,20879,1,0.0004043671653861706
20879,20880,1,0.0004043671653861706
20880,20881,0,0.0
20881,20882,0,0.0
20882,20883,2,0.0008087343307723412
20883,20884,1,0.0004043671653861706
20884,20885,0,0.0
20885,20886,1,0.0004043671653861706
20886,20887,0,0.0
20887,20888,0,0.0
20888,20889,2,0.0008087343307723412
20889,20890,1,0.0004043671653861706
20890,20891,0,0.0
20891,20892,1,0.0004043671653861706
20892,20893,1,0.0004043671653861706
20893,20894,1,0.0004043671653861706
20894,20895,1,0.0004043671653861706
20895,20896,1,0.0004043671653861706
20896,20897,1,0.0004043671653861706
20897,20898,1,0.0004043671653861706
20898,20899,0,0.0
20899,20900,2,0.0008087343307723412
20900,20901,0,0.0
20901,20902,0,0.0
20902,20903,1,0.0004043671653861706
20903,20904,1,0.0004043671653861706
20904,20905,0,0.0
20905,20906,1,0.0004043671653861706
20906,20907,2,0.0008087343307723412
20907,20908,1,0.0004043671653861706
20908,20909,0,0.0
20909,20910,0,0.0
20910,20911,0,0.0
20911,20912,1,0.0004043671653861706
20912,20913,2,0.0008087343307723412
20913,20914,2,0.0008087343307723412
20914,20915,0,0.0
20915,20916,0,0.0
20916,20917,1,0.0004043671653861706
20917,20918,0,0.0
20918,20919,0,0.0
20919,20920,0,0.0
20920,20921,1,0.0004043671653861706
20921,20922,0,0.0
20922,20923,2,0.0008087343307723412
20923,20924,1,0.0004043671653861706
20924,20925,1,0.0004043671653861706
20925,20926,0,0.0
20926,20927,1,0.0004043671653861706
20927,20928,1,0.0004043671653861706
20928,20929,1,0.0004043671653861706
20929,20930,0,0.0
20930,20931,0,0.0
20931,20932,1,0.0004043671653861706
20932,20933,1,0.0004043671653861706
20933,20934,0,0.0
20934,20935,1,0.0004043671653861706
20935,20936,0,0.0
20936,20937,2,0.0008087343307723412
20937,20938,1,0.0004043671653861706
20938,20939,0,0.0
20939,20940,0,0.0
20940,20941,0,0.0
20941,20942,0,0.0
20942,20943,1,0.0004043671653861706
20943,20944,3,0.001213101496158512
20944,20945,2,0.0008087343307723412
20945,20946,0,0.0
20946,20947,0,0.0
20947,20948,2,0.0008087343307723412
20948,20949,1,0.0004043671653861706
20949,20950,0,0.0
20950,20951,1,0.0004043671653861706
20951,20952,0,0.0
20952,20953,2,0.0008087343307723412
20953,20954,1,0.0004043671653861706
20954,20955,1,0.0004043671653861706
20955,20956,0,0.0
20956,20957,0,0.0
20957,20958,0,0.0
20958,20959,1,0.0004043671653861706
20959,20960,2,0.0008087343307723412
20960,20961,1,0.0004043671653861706
20961,20962,1,0.0004043671653861706
20962,20963,0,0.0
20963,20964,0,0.0
20964,20965,1,0.0004043671653861706
20965,20966,0,0.0
20966,20967,0,0.0
20967,20968,0,0.0
20968,20969,0,0.0
20969,20970,0,0.0
20970,20971,2,0.0008087343307723412
20971,20972,2,0.0008087343307723412
20972,20973,0,0.0
20973,20974,0,0.0
20974,20975,1,0.0004043671653861706
20975,20976,1,0.0004043671653861706
20976,20977,1,0.0004043671653861706
20977,20978,1,0.0004043671653861706
20978,20979,0,0.0
20979,20980,1,0.0004043671653861706
20980,20981,0,0.0
20981,20982,1,0.0004043671653861706
20982,20983,1,0.0004043671653861706
20983,20984,1,0.0004043671653861706
20984,20985,1,0.0004043671653861706
20985,20986,1,0.0004043671653861706
20986,20987,2,0.0008087343307723412
20987,20988,1,0.0004043671653861706
20988,20989,0,0.0
20989,20990,0,0.0
20990,20991,0,0.0
20991,20992,1,0.0004043671653861706
20992,20993,0,0.0
20993,20994,3,0.001213101496158512
20994,20995,0,0.0
20995,20996,1,0.0004043671653861706
20996,20997,1,0.0004043671653861706
20997,20998,0,0.0
20998,20999,0,0.0
20999,21000,0,0.0
21000,21001,0,0.0
21001,21002,0,0.0
21002,21003,0,0.0
21003,21004,0,0.0
21004,21005,1,0.0004043671653861706
21005,21006,1,0.0004043671653861706
21006,21007,1,0.0004043671653861706
21007,21008,1,0.0004043671653861706
21008,21009,0,0.0
21009,21010,0,0.0
21010,21011,0,0.0
21011,21012,0,0.0
21012,21013,0,0.0
21013,21014,3,0.001213101496158512
21014,21015,0,0.0
21015,21016,1,0.0004043671653861706
21016,21017,0,0.0
21017,21018,1,0.0004043671653861706
21018,21019,1,0.0004043671653861706
21019,21020,1,0.0004043671653861706
21020,21021,2,0.0008087343307723412
21021,21022,1,0.0004043671653861706
21022,21023,0,0.0
21023,21024,1,0.0004043671653861706
21024,21025,1,0.0004043671653861706
21025,21026,0,0.0
21026,21027,0,0.0
21027,21028,0,0.0
21028,21029,1,0.0004043671653861706
21029,21030,2,0.0008087343307723412
21030,21031,1,0.0004043671653861706
21031,21032,1,0.0004043671653861706
21032,21033,1,0.0004043671653861706
21033,21034,0,0.0
21034,21035,0,0.0
21035,21036,1,0.0004043671653861706
21036,21037,0,0.0
21037,21038,0,0.0
21038,21039,2,0.0008087343307723412
21039,21040,0,0.0
21040,21041,0,0.0
21041,21042,0,0.0
21042,21043,1,0.0004043671653861706
21043,21044,0,0.0
21044,21045,0,0.0
21045,21046,0,0.0
21046,21047,0,0.0
21047,21048,1,0.0004043671653861706
21048,21049,3,0.001213101496158512
21049,21050,0,0.0
21050,21051,0,0.0
21051,21052,1,0.0004043671653861706
21052,21053,2,0.0008087343307723412
21053,21054,1,0.0004043671653861706
21054,21055,0,0.0
21055,21056,0,0.0
21056,21057,1,0.0004043671653861706
21057,21058,1,0.0004043671653861706
21058,21059,1,0.0004043671653861706
21059,21060,2,0.0008087343307723412
21060,21061,0,0.0
21061,21062,0,0.0
21062,21063,0,0.0
21063,21064,1,0.0004043671653861706
21064,21065,1,0.0004043671653861706
21065,21066,1,0.0004043671653861706
21066,21067,0,0.0
21067,21068,2,0.0008087343307723412
21068,21069,1,0.0004043671653861706
21069,21070,2,0.0008087343307723412
21070,21071,0,0.0
21071,21072,1,0.0004043671653861706
21072,21073,0,0.0
21073,21074,0,0.0
21074,21075,0,0.0
21075,21076,0,0.0
21076,21077,0,0.0
21077,21078,0,0.0
21078,21079,1,0.0004043671653861706
21079,21080,0,0.0
21080,21081,0,0.0
21081,21082,2,0.0008087343307723412
21082,21083,0,0.0
21083,21084,1,0.0004043671653861706
21084,21085,0,0.0
21085,21086,1,0.0004043671653861706
21086,21087,1,0.0004043671653861706
21087,21088,2,0.0008087343307723412
21088,21089,1,0.0004043671653861706
21089,21090,0,0.0
21090,21091,1,0.0004043671653861706
21091,21092,0,0.0
21092,21093,0,0.0
21093,21094,2,0.0008087343307723412
21094,21095,0,0.0
21095,21096,0,0.0
21096,21097,0,0.0
21097,21098,1,0.0004043671653861706
21098,21099,1,0.0004043671653861706
21099,21100,2,0.0008087343307723412
21100,21101,1,0.0004043671653861706
21101,21102,0,0.0
21102,21103,0,0.0
21103,21104,2,0.0008087343307723412
21104,21105,1,0.0004043671653861706
21105,21106,1,0.0004043671653861706
21106,21107,0,0.0
21107,21108,0,0.0
21108,21109,1,0.0004043671653861706
21109,21110,0,0.0
21110,21111,2,0.0008087343307723412
21111,21112,1,0.0004043671653861706
21112,21113,1,0.0004043671653861706
21113,21114,2,0.0008087343307723412
21114,21115,0,0.0
21115,21116,1,0.0004043671653861706
21116,21117,1,0.0004043671653861706
21117,21118,1,0.0004043671653861706
21118,21119,0,0.0
21119,21120,1,0.0004043671653861706
21120,21121,1,0.0004043671653861706
21121,21122,0,0.0
21122,21123,1,0.0004043671653861706
21123,21124,0,0.0
21124,21125,0,0.0
21125,21126,0,0.0
21126,21127,0,0.0
21127,21128,1,0.0004043671653861706
21128,21129,1,0.0004043671653861706
21129,21130,1,0.0004043671653861706
21130,21131,0,0.0
21131,21132,0,0.0
21132,21133,1,0.0004043671653861706
21133,21134,1,0.0004043671653861706
21134,21135,1,0.0004043671653861706
21135,21136,0,0.0
21136,21137,1,0.0004043671653861706
21137,21138,0,0.0
21138,21139,1,0.0004043671653861706
21139,21140,1,0.0004043671653861706
21140,21141,0,0.0
21141,21142,0,0.0
21142,21143,2,0.0008087343307723412
21143,21144,0,0.0
21144,21145,2,0.0008087343307723412
21145,21146,0,0.0
21146,21147,1,0.0004043671653861706
21147,21148,0,0.0
21148,21149,0,0.0
21149,21150,1,0.0004043671653861706
21150,21151,1,0.0004043671653861706
21151,21152,3,0.001213101496158512
21152,21153,0,0.0
21153,21154,0,0.0
21154,21155,1,0.0004043671653861706
21155,21156,0,0.0
21156,21157,0,0.0
21157,21158,4,0.0016174686615446825
21158,21159,0,0.0
21159,21160,0,0.0
21160,21161,3,0.001213101496158512
21161,21162,0,0.0
21162,21163,0,0.0
21163,21164,0,0.0
21164,21165,1,0.0004043671653861706
21165,21166,2,0.0008087343307723412
21166,21167,0,0.0
21167,21168,0,0.0
21168,21169,0,0.0
21169,21170,2,0.0008087343307723412
21170,21171,1,0.0004043671653861706
21171,21172,1,0.0004043671653861706
21172,21173,0,0.0
21173,21174,2,0.0008087343307723412
21174,21175,0,0.0
21175,21176,0,0.0
21176,21177,0,0.0
21177,21178,0,0.0
21178,21179,0,0.0
21179,21180,0,0.0
21180,21181,0,0.0
21181,21182,0,0.0
21182,21183,0,0.0
21183,21184,1,0.0004043671653861706
21184,21185,0,0.0
21185,21186,1,0.0004043671653861706
21186,21187,3,0.001213101496158512
21187,21188,3,0.001213101496158512
21188,21189,0,0.0
21189,21190,2,0.0008087343307723412
21190,21191,1,0.0004043671653861706
21191,21192,1,0.0004043671653861706
21192,21193,0,0.0
21193,21194,1,0.0004043671653861706
21194,21195,1,0.0004043671653861706
21195,21196,0,0.0
21196,21197,0,0.0
21197,21198,0,0.0
21198,21199,1,0.0004043671653861706
21199,21200,0,0.0
21200,21201,0,0.0
21201,21202,1,0.0004043671653861706
21202,21203,2,0.0008087343307723412
21203,21204,2,0.0008087343307723412
21204,21205,0,0.0
21205,21206,3,0.001213101496158512
21206,21207,0,0.0
21207,21208,1,0.0004043671653861706
21208,21209,0,0.0
21209,21210,0,0.0
21210,21211,0,0.0
21211,21212,2,0.0008087343307723412
21212,21213,1,0.0004043671653861706
21213,21214,0,0.0
21214,21215,0,0.0
21215,21216,0,0.0
21216,21217,0,0.0
21217,21218,1,0.0004043671653861706
21218,21219,1,0.0004043671653861706
21219,21220,1,0.0004043671653861706
21220,21221,0,0.0
21221,21222,0,0.0
21222,21223,0,0.0
21223,21224,0,0.0
21224,21225,0,0.0
21225,21226,1,0.0004043671653861706
21226,21227,0,0.0
21227,21228,0,0.0
21228,21229,2,0.0008087343307723412
21229,21230,0,0.0
21230,21231,1,0.0004043671653861706
21231,21232,1,0.0004043671653861706
21232,21233,1,0.0004043671653861706
21233,21234,1,0.0004043671653861706
21234,21235,2,0.0008087343307723412
21235,21236,2,0.0008087343307723412
21236,21237,0,0.0
21237,21238,2,0.0008087343307723412
21238,21239,0,0.0
21239,21240,1,0.0004043671653861706
21240,21241,1,0.0004043671653861706
21241,21242,1,0.0004043671653861706
21242,21243,1,0.0004043671653861706
21243,21244,1,0.0004043671653861706
21244,21245,2,0.0008087343307723412
21245,21246,0,0.0
21246,21247,0,0.0
21247,21248,1,0.0004043671653861706
21248,21249,0,0.0
21249,21250,0,0.0
21250,21251,1,0.0004043671653861706
21251,21252,0,0.0
21252,21253,1,0.0004043671653861706
21253,21254,0,0.0
21254,21255,0,0.0
21255,21256,2,0.0008087343307723412
21256,21257,0,0.0
21257,21258,1,0.0004043671653861706
21258,21259,1,0.0004043671653861706
21259,21260,0,0.0
21260,21261,3,0.001213101496158512
21261,21262,1,0.0004043671653861706
21262,21263,0,0.0
21263,21264,0,0.0
21264,21265,0,0.0
21265,21266,1,0.0004043671653861706
21266,21267,0,0.0
21267,21268,0,0.0
21268,21269,2,0.0008087343307723412
21269,21270,0,0.0
21270,21271,0,0.0
21271,21272,0,0.0
21272,21273,1,0.0004043671653861706
21273,21274,0,0.0
21274,21275,3,0.001213101496158512
21275,21276,2,0.0008087343307723412
21276,21277,1,0.0004043671653861706
21277,21278,0,0.0
21278,21279,0,0.0
21279,21280,0,0.0
21280,21281,2,0.0008087343307723412
21281,21282,0,0.0
21282,21283,0,0.0
21283,21284,0,0.0
21284,21285,1,0.0004043671653861706
21285,21286,0,0.0
21286,21287,0,0.0
21287,21288,1,0.0004043671653861706
21288,21289,0,0.0
21289,21290,3,0.001213101496158512
21290,21291,0,0.0
21291,21292,1,0.0004043671653861706
21292,21293,0,0.0
21293,21294,1,0.0004043671653861706
21294,21295,1,0.0004043671653861706
21295,21296,0,0.0
21296,21297,0,0.0
21297,21298,1,0.0004043671653861706
21298,21299,1,0.0004043671653861706
21299,21300,1,0.0004043671653861706
21300,21301,0,0.0
21301,21302,0,0.0
21302,21303,1,0.0004043671653861706
21303,21304,0,0.0
21304,21305,1,0.0004043671653861706
21305,21306,0,0.0
21306,21307,2,0.0008087343307723412
21307,21308,1,0.0004043671653861706
21308,21309,1,0.0004043671653861706
21309,21310,1,0.0004043671653861706
21310,21311,0,0.0
21311,21312,0,0.0
21312,21313,0,0.0
21313,21314,2,0.0008087343307723412
21314,21315,0,0.0
21315,21316,0,0.0
21316,21317,2,0.0008087343307723412
21317,21318,1,0.0004043671653861706
21318,21319,1,0.0004043671653861706
21319,21320,0,0.0
21320,21321,1,0.0004043671653861706
21321,21322,0,0.0
21322,21323,0,0.0
21323,21324,1,0.0004043671653861706
21324,21325,0,0.0
21325,21326,0,0.0
21326,21327,0,0.0
21327,21328,3,0.001213101496158512
21328,21329,0,0.0
21329,21330,0,0.0
21330,21331,1,0.0004043671653861706
21331,21332,0,0.0
21332,21333,0,0.0
21333,21334,1,0.0004043671653861706
21334,21335,1,0.0004043671653861706
21335,21336,2,0.0008087343307723412
21336,21337,0,0.0
21337,21338,2,0.0008087343307723412
21338,21339,1,0.0004043671653861706
21339,21340,1,0.0004043671653861706
21340,21341,0,0.0
21341,21342,2,0.0008087343307723412
21342,21343,0,0.0
21343,21344,0,0.0
21344,21345,2,0.0008087343307723412
21345,21346,1,0.0004043671653861706
21346,21347,0,0.0
21347,21348,1,0.0004043671653861706
21348,21349,0,0.0
21349,21350,1,0.0004043671653861706
21350,21351,0,0.0
21351,21352,0,0.0
21352,21353,0,0.0
21353,21354,1,0.0004043671653861706
21354,21355,0,0.0
21355,21356,1,0.0004043671653861706
21356,21357,1,0.0004043671653861706
21357,21358,2,0.0008087343307723412
21358,21359,1,0.0004043671653861706
21359,21360,0,0.0
21360,21361,0,0.0
21361,21362,1,0.0004043671653861706
21362,21363,2,0.0008087343307723412
21363,21364,1,0.0004043671653861706
21364,21365,0,0.0
21365,21366,2,0.0008087343307723412
21366,21367,0,0.0
21367,21368,0,0.0
21368,21369,0,0.0
21369,21370,3,0.001213101496158512
21370,21371,0,0.0
21371,21372,0,0.0
21372,21373,0,0.0
21373,21374,1,0.0004043671653861706
21374,21375,1,0.0004043671653861706
21375,21376,1,0.0004043671653861706
21376,21377,1,0.0004043671653861706
21377,21378,1,0.0004043671653861706
21378,21379,2,0.0008087343307723412
21379,21380,1,0.0004043671653861706
21380,21381,0,0.0
21381,21382,1,0.0004043671653861706
21382,21383,0,0.0
21383,21384,0,0.0
21384,21385,0,0.0
21385,21386,1,0.0004043671653861706
21386,21387,0,0.0
21387,21388,0,0.0
21388,21389,2,0.0008087343307723412
21389,21390,0,0.0
21390,21391,0,0.0
21391,21392,1,0.0004043671653861706
21392,21393,0,0.0
21393,21394,0,0.0
21394,21395,0,0.0
21395,21396,1,0.0004043671653861706
21396,21397,3,0.001213101496158512
21397,21398,1,0.0004043671653861706
21398,21399,1,0.0004043671653861706
21399,21400,1,0.0004043671653861706
21400,21401,1,0.0004043671653861706
21401,21402,0,0.0
21402,21403,1,0.0004043671653861706
21403,21404,0,0.0
21404,21405,0,0.0
21405,21406,2,0.0008087343307723412
21406,21407,0,0.0
21407,21408,2,0.0008087343307723412
21408,21409,0,0.0
21409,21410,0,0.0
21410,21411,0,0.0
21411,21412,1,0.0004043671653861706
21412,21413,2,0.0008087343307723412
21413,21414,1,0.0004043671653861706
21414,21415,2,0.0008087343307723412
21415,21416,2,0.0008087343307723412
21416,21417,0,0.0
21417,21418,0,0.0
21418,21419,1,0.0004043671653861706
21419,21420,0,0.0
21420,21421,0,0.0
21421,21422,1,0.0004043671653861706
21422,21423,1,0.0004043671653861706
21423,21424,0,0.0
21424,21425,0,0.0
21425,21426,0,0.0
21426,21427,2,0.0008087343307723412
21427,21428,0,0.0
21428,21429,0,0.0
21429,21430,0,0.0
21430,21431,0,0.0
21431,21432,0,0.0
21432,21433,1,0.0004043671653861706
21433,21434,0,0.0
21434,21435,1,0.0004043671653861706
21435,21436,2,0.0008087343307723412
21436,21437,1,0.0004043671653861706
21437,21438,1,0.0004043671653861706
21438,21439,1,0.0004043671653861706
21439,21440,1,0.0004043671653861706
21440,21441,0,0.0
21441,21442,0,0.0
21442,21443,0,0.0
21443,21444,1,0.0004043671653861706
21444,21445,4,0.0016174686615446825
21445,21446,1,0.0004043671653861706
21446,21447,1,0.0004043671653861706
21447,21448,0,0.0
21448,21449,1,0.0004043671653861706
21449,21450,1,0.0004043671653861706
21450,21451,0,0.0
21451,21452,0,0.0
21452,21453,0,0.0
21453,21454,0,0.0
21454,21455,3,0.001213101496158512
21455,21456,1,0.0004043671653861706
21456,21457,0,0.0
21457,21458,2,0.0008087343307723412
21458,21459,0,0.0
21459,21460,1,0.0004043671653861706
21460,21461,0,0.0
21461,21462,0,0.0
21462,21463,0,0.0
21463,21464,3,0.001213101496158512
21464,21465,0,0.0
21465,21466,2,0.0008087343307723412
21466,21467,0,0.0
21467,21468,1,0.0004043671653861706
21468,21469,0,0.0
21469,21470,0,0.0
21470,21471,0,0.0
21471,21472,0,0.0
21472,21473,1,0.0004043671653861706
21473,21474,0,0.0
21474,21475,0,0.0
21475,21476,1,0.0004043671653861706
21476,21477,0,0.0
21477,21478,1,0.0004043671653861706
21478,21479,0,0.0
21479,21480,2,0.0008087343307723412
21480,21481,0,0.0
21481,21482,1,0.0004043671653861706
21482,21483,0,0.0
21483,21484,1,0.0004043671653861706
21484,21485,1,0.0004043671653861706
21485,21486,0,0.0
21486,21487,1,0.0004043671653861706
21487,21488,2,0.0008087343307723412
21488,21489,1,0.0004043671653861706
21489,21490,0,0.0
21490,21491,1,0.0004043671653861706
21491,21492,0,0.0
21492,21493,1,0.0004043671653861706
21493,21494,1,0.0004043671653861706
21494,21495,0,0.0
21495,21496,1,0.0004043671653861706
21496,21497,0,0.0
21497,21498,1,0.0004043671653861706
21498,21499,1,0.0004043671653861706
21499,21500,0,0.0
21500,21501,2,0.0008087343307723412
21501,21502,2,0.0008087343307723412
21502,21503,0,0.0
21503,21504,0,0.0
21504,21505,1,0.0004043671653861706
21505,21506,0,0.0
21506,21507,1,0.0004043671653861706
21507,21508,0,0.0
21508,21509,1,0.0004043671653861706
21509,21510,1,0.0004043671653861706
21510,21511,1,0.0004043671653861706
21511,21512,0,0.0
21512,21513,1,0.0004043671653861706
21513,21514,2,0.0008087343307723412
21514,21515,0,0.0
21515,21516,1,0.0004043671653861706
21516,21517,0,0.0
21517,21518,0,0.0
21518,21519,0,0.0
21519,21520,1,0.0004043671653861706
21520,21521,0,0.0
21521,21522,0,0.0
21522,21523,1,0.0004043671653861706
21523,21524,1,0.0004043671653861706
21524,21525,0,0.0
21525,21526,2,0.0008087343307723412
21526,21527,0,0.0
21527,21528,1,0.0004043671653861706
21528,21529,0,0.0
21529,21530,0,0.0
21530,21531,1,0.0004043671653861706
21531,21532,3,0.001213101496158512
21532,21533,1,0.0004043671653861706
21533,21534,0,0.0
21534,21535,0,0.0
21535,21536,0,0.0
21536,21537,1,0.0004043671653861706
21537,21538,1,0.0004043671653861706
21538,21539,0,0.0
21539,21540,1,0.0004043671653861706
21540,21541,0,0.0
21541,21542,0,0.0
21542,21543,0,0.0
21543,21544,1,0.0004043671653861706
21544,21545,2,0.0008087343307723412
21545,21546,1,0.0004043671653861706
21546,21547,1,0.0004043671653861706
21547,21548,0,0.0
21548,21549,0,0.0
21549,21550,0,0.0
21550,21551,1,0.0004043671653861706
21551,21552,2,0.0008087343307723412
21552,21553,2,0.0008087343307723412
21553,21554,0,0.0
21554,21555,1,0.0004043671653861706
21555,21556,0,0.0
21556,21557,0,0.0
21557,21558,0,0.0
21558,21559,3,0.001213101496158512
21559,21560,0,0.0
21560,21561,1,0.0004043671653861706
21561,21562,0,0.0
21562,21563,0,0.0
21563,21564,0,0.0
21564,21565,0,0.0
21565,21566,0,0.0
21566,21567,1,0.0004043671653861706
21567,21568,1,0.0004043671653861706
21568,21569,0,0.0
21569,21570,0,0.0
21570,21571,1,0.0004043671653861706
21571,21572,0,0.0
21572,21573,2,0.0008087343307723412
21573,21574,1,0.0004043671653861706
21574,21575,1,0.0004043671653861706
21575,21576,1,0.0004043671653861706
21576,21577,2,0.0008087343307723412
21577,21578,1,0.0004043671653861706
21578,21579,1,0.0004043671653861706
21579,21580,1,0.0004043671653861706
21580,21581,1,0.0004043671653861706
21581,21582,0,0.0
21582,21583,1,0.0004043671653861706
21583,21584,1,0.0004043671653861706
21584,21585,0,0.0
21585,21586,0,0.0
21586,21587,2,0.0008087343307723412
21587,21588,1,0.0004043671653861706
21588,21589,1,0.0004043671653861706
21589,21590,0,0.0
21590,21591,1,0.0004043671653861706
21591,21592,1,0.0004043671653861706
21592,21593,0,0.0
21593,21594,0,0.0
21594,21595,0,0.0
21595,21596,0,0.0
21596,21597,1,0.0004043671653861706
21597,21598,1,0.0004043671653861706
21598,21599,0,0.0
21599,21600,1,0.0004043671653861706
21600,21601,2,0.0008087343307723412
21601,21602,0,0.0
21602,21603,0,0.0
21603,21604,0,0.0
21604,21605,1,0.0004043671653861706
21605,21606,1,0.0004043671653861706
21606,21607,1,0.0004043671653861706
21607,21608,0,0.0
21608,21609,1,0.0004043671653861706
21609,21610,1,0.0004043671653861706
21610,21611,0,0.0
21611,21612,1,0.0004043671653861706
21612,21613,0,0.0
21613,21614,0,0.0
21614,21615,0,0.0
21615,21616,0,0.0
21616,21617,1,0.0004043671653861706
21617,21618,1,0.0004043671653861706
21618,21619,0,0.0
21619,21620,4,0.0016174686615446825
21620,21621,2,0.0008087343307723412
21621,21622,1,0.0004043671653861706
21622,21623,1,0.0004043671653861706
21623,21624,1,0.0004043671653861706
21624,21625,0,0.0
21625,21626,0,0.0
21626,21627,0,0.0
21627,21628,0,0.0
21628,21629,2,0.0008087343307723412
21629,21630,1,0.0004043671653861706
21630,21631,0,0.0
21631,21632,0,0.0
21632,21633,0,0.0
21633,21634,1,0.0004043671653861706
21634,21635,1,0.0004043671653861706
21635,21636,2,0.0008087343307723412
21636,21637,1,0.0004043671653861706
21637,21638,1,0.0004043671653861706
21638,21639,1,0.0004043671653861706
21639,21640,1,0.0004043671653861706
21640,21641,0,0.0
21641,21642,2,0.0008087343307723412
21642,21643,1,0.0004043671653861706
21643,21644,1,0.0004043671653861706
21644,21645,0,0.0
21645,21646,0,0.0
21646,21647,1,0.0004043671653861706
21647,21648,0,0.0
21648,21649,0,0.0
21649,21650,0,0.0
21650,21651,1,0.0004043671653861706
21651,21652,0,0.0
21652,21653,1,0.0004043671653861706
21653,21654,1,0.0004043671653861706
21654,21655,4,0.0016174686615446825
21655,21656,1,0.0004043671653861706
21656,21657,1,0.0004043671653861706
21657,21658,0,0.0
21658,21659,0,0.0
21659,21660,0,0.0
21660,21661,1,0.0004043671653861706
21661,21662,2,0.0008087343307723412
21662,21663,2,0.0008087343307723412
21663,21664,1,0.0004043671653861706
21664,21665,0,0.0
21665,21666,2,0.0008087343307723412
21666,21667,0,0.0
21667,21668,0,0.0
21668,21669,0,0.0
21669,21670,0,0.0
21670,21671,1,0.0004043671653861706
21671,21672,0,0.0
21672,21673,2,0.0008087343307723412
21673,21674,0,0.0
21674,21675,0,0.0
21675,21676,0,0.0
21676,21677,3,0.001213101496158512
21677,21678,0,0.0
21678,21679,1,0.0004043671653861706
21679,21680,0,0.0
21680,21681,0,0.0
21681,21682,0,0.0
21682,21683,1,0.0004043671653861706
21683,21684,2,0.0008087343307723412
21684,21685,1,0.0004043671653861706
21685,21686,1,0.0004043671653861706
21686,21687,0,0.0
21687,21688,1,0.0004043671653861706
21688,21689,0,0.0
21689,21690,1,0.0004043671653861706
21690,21691,0,0.0
21691,21692,0,0.0
21692,21693,1,0.0004043671653861706
21693,21694,0,0.0
21694,21695,0,0.0
21695,21696,2,0.0008087343307723412
21696,21697,1,0.0004043671653861706
21697,21698,1,0.0004043671653861706
21698,21699,1,0.0004043671653861706
21699,21700,2,0.0008087343307723412
21700,21701,2,0.0008087343307723412
21701,21702,0,0.0
21702,21703,1,0.0004043671653861706
21703,21704,1,0.0004043671653861706
21704,21705,3,0.001213101496158512
21705,21706,1,0.0004043671653861706
21706,21707,0,0.0
21707,21708,0,0.0
21708,21709,0,0.0
21709,21710,1,0.0004043671653861706
21710,21711,0,0.0
21711,21712,1,0.0004043671653861706
21712,21713,2,0.0008087343307723412
21713,21714,1,0.0004043671653861706
21714,21715,0,0.0
21715,21716,1,0.0004043671653861706
21716,21717,1,0.0004043671653861706
21717,21718,0,0.0
21718,21719,1,0.0004043671653861706
21719,21720,0,0.0
21720,21721,0,0.0
21721,21722,2,0.0008087343307723412
21722,21723,0,0.0
21723,21724,1,0.0004043671653861706
21724,21725,1,0.0004043671653861706
21725,21726,0,0.0
21726,21727,1,0.0004043671653861706
21727,21728,1,0.0004043671653861706
21728,21729,0,0.0
21729,21730,1,0.0004043671653861706
21730,21731,1,0.0004043671653861706
21731,21732,1,0.0004043671653861706
21732,21733,0,0.0
21733,21734,1,0.0004043671653861706
21734,21735,3,0.001213101496158512
21735,21736,1,0.0004043671653861706
21736,21737,1,0.0004043671653861706
21737,21738,0,0.0
21738,21739,0,0.0
21739,21740,1,0.0004043671653861706
21740,21741,0,0.0
21741,21742,0,0.0
21742,21743,1,0.0004043671653861706
21743,21744,2,0.0008087343307723412
21744,21745,0,0.0
21745,21746,0,0.0
21746,21747,1,0.0004043671653861706
21747,21748,2,0.0008087343307723412
21748,21749,1,0.0004043671653861706
21749,21750,1,0.0004043671653861706
21750,21751,1,0.0004043671653861706
21751,21752,0,0.0
21752,21753,0,0.0
21753,21754,1,0.0004043671653861706
21754,21755,1,0.0004043671653861706
21755,21756,0,0.0
21756,21757,1,0.0004043671653861706
21757,21758,0,0.0
21758,21759,0,0.0
21759,21760,0,0.0
21760,21761,0,0.0
21761,21762,3,0.001213101496158512
21762,21763,0,0.0
21763,21764,0,0.0
21764,21765,0,0.0
21765,21766,0,0.0
21766,21767,0,0.0
21767,21768,4,0.0016174686615446825
21768,21769,1,0.0004043671653861706
21769,21770,2,0.0008087343307723412
21770,21771,1,0.0004043671653861706
21771,21772,0,0.0
21772,21773,1,0.0004043671653861706
21773,21774,0,0.0
21774,21775,2,0.0008087343307723412
21775,21776,0,0.0
21776,21777,1,0.0004043671653861706
21777,21778,0,0.0
21778,21779,0,0.0
21779,21780,1,0.0004043671653861706
21780,21781,0,0.0
21781,21782,0,0.0
21782,21783,2,0.0008087343307723412
21783,21784,1,0.0004043671653861706
21784,21785,1,0.0004043671653861706
21785,21786,1,0.0004043671653861706
21786,21787,0,0.0
21787,21788,2,0.0008087343307723412
21788,21789,0,0.0
21789,21790,0,0.0
21790,21791,2,0.0008087343307723412
21791,21792,2,0.0008087343307723412
21792,21793,0,0.0
21793,21794,0,0.0
21794,21795,0,0.0
21795,21796,3,0.001213101496158512
21796,21797,1,0.0004043671653861706
21797,21798,0,0.0
21798,21799,1,0.0004043671653861706
21799,21800,1,0.0004043671653861706
21800,21801,0,0.0
21801,21802,1,0.0004043671653861706
21802,21803,0,0.0
21803,21804,1,0.0004043671653861706
21804,21805,0,0.0
21805,21806,0,0.0
21806,21807,2,0.0008087343307723412
21807,21808,1,0.0004043671653861706
21808,21809,2,0.0008087343307723412
21809,21810,0,0.0
21810,21811,2,0.0008087343307723412
21811,21812,0,0.0
21812,21813,2,0.0008087343307723412
21813,21814,0,0.0
21814,21815,0,0.0
21815,21816,0,0.0
21816,21817,0,0.0
21817,21818,1,0.0004043671653861706
21818,21819,0,0.0
21819,21820,0,0.0
21820,21821,1,0.0004043671653861706
21821,21822,2,0.0008087343307723412
21822,21823,2,0.0008087343307723412
21823,21824,1,0.0004043671653861706
21824,21825,1,0.0004043671653861706
21825,21826,1,0.0004043671653861706
21826,21827,1,0.0004043671653861706
21827,21828,1,0.0004043671653861706
21828,21829,2,0.0008087343307723412
21829,21830,1,0.0004043671653861706
21830,21831,0,0.0
21831,21832,0,0.0
21832,21833,0,0.0
21833,21834,1,0.0004043671653861706
21834,21835,0,0.0
21835,21836,1,0.0004043671653861706
21836,21837,1,0.0004043671653861706
21837,21838,0,0.0
21838,21839,0,0.0
21839,21840,1,0.0004043671653861706
21840,21841,0,0.0
21841,21842,2,0.0008087343307723412
21842,21843,1,0.0004043671653861706
21843,21844,2,0.0008087343307723412
21844,21845,2,0.0008087343307723412
21845,21846,2,0.0008087343307723412
21846,21847,0,0.0
21847,21848,1,0.0004043671653861706
21848,21849,0,0.0
21849,21850,1,0.0004043671653861706
21850,21851,3,0.001213101496158512
21851,21852,1,0.0004043671653861706
21852,21853,0,0.0
21853,21854,0,0.0
21854,21855,1,0.0004043671653861706
21855,21856,0,0.0
21856,21857,0,0.0
21857,21858,0,0.0
21858,21859,0,0.0
21859,21860,1,0.0004043671653861706
21860,21861,2,0.0008087343307723412
21861,21862,0,0.0
21862,21863,2,0.0008087343307723412
21863,21864,0,0.0
21864,21865,0,0.0
21865,21866,1,0.0004043671653861706
21866,21867,1,0.0004043671653861706
21867,21868,0,0.0
21868,21869,0,0.0
21869,21870,4,0.0016174686615446825
21870,21871,1,0.0004043671653861706
21871,21872,0,0.0
21872,21873,0,0.0
21873,21874,0,0.0
21874,21875,0,0.0
21875,21876,0,0.0
21876,21877,0,0.0
21877,21878,2,0.0008087343307723412
21878,21879,0,0.0
21879,21880,1,0.0004043671653861706
21880,21881,2,0.0008087343307723412
21881,21882,5,0.0020218358269308533
21882,21883,1,0.0004043671653861706
21883,21884,1,0.0004043671653861706
21884,21885,1,0.0004043671653861706
21885,21886,0,0.0
21886,21887,0,0.0
21887,21888,2,0.0008087343307723412
21888,21889,3,0.001213101496158512
21889,21890,1,0.0004043671653861706
21890,21891,0,0.0
21891,21892,0,0.0
21892,21893,2,0.0008087343307723412
21893,21894,1,0.0004043671653861706
21894,21895,0,0.0
21895,21896,1,0.0004043671653861706
21896,21897,0,0.0
21897,21898,0,0.0
21898,21899,1,0.0004043671653861706
21899,21900,2,0.0008087343307723412
21900,21901,0,0.0
21901,21902,1,0.0004043671653861706
21902,21903,0,0.0
21903,21904,2,0.0008087343307723412
21904,21905,0,0.0
21905,21906,0,0.0
21906,21907,0,0.0
21907,21908,0,0.0
21908,21909,0,0.0
21909,21910,3,0.001213101496158512
21910,21911,0,0.0
21911,21912,1,0.0004043671653861706
21912,21913,0,0.0
21913,21914,1,0.0004043671653861706
21914,21915,1,0.0004043671653861706
21915,21916,0,0.0
21916,21917,1,0.0004043671653861706
21917,21918,2,0.0008087343307723412
21918,21919,0,0.0
21919,21920,0,0.0
21920,21921,2,0.0008087343307723412
21921,21922,1,0.0004043671653861706
21922,21923,1,0.0004043671653861706
21923,21924,1,0.0004043671653861706
21924,21925,2,0.0008087343307723412
21925,21926,1,0.0004043671653861706
21926,21927,1,0.0004043671653861706
21927,21928,1,0.0004043671653861706
21928,21929,3,0.001213101496158512
21929,21930,0,0.0
21930,21931,0,0.0
21931,21932,0,0.0
21932,21933,1,0.0004043671653861706
21933,21934,0,0.0
21934,21935,2,0.0008087343307723412
21935,21936,1,0.0004043671653861706
21936,21937,1,0.0004043671653861706
21937,21938,0,0.0
21938,21939,1,0.0004043671653861706
21939,21940,1,0.0004043671653861706
21940,21941,1,0.0004043671653861706
21941,21942,0,0.0
21942,21943,2,0.0008087343307723412
21943,21944,1,0.0004043671653861706
21944,21945,0,0.0
21945,21946,2,0.0008087343307723412
21946,21947,0,0.0
21947,21948,2,0.0008087343307723412
21948,21949,0,0.0
21949,21950,0,0.0
21950,21951,1,0.0004043671653861706
21951,21952,0,0.0
21952,21953,0,0.0
21953,21954,2,0.0008087343307723412
21954,21955,0,0.0
21955,21956,0,0.0
21956,21957,1,0.0004043671653861706
21957,21958,3,0.001213101496158512
21958,21959,0,0.0
21959,21960,0,0.0
21960,21961,0,0.0
21961,21962,1,0.0004043671653861706
21962,21963,1,0.0004043671653861706
21963,21964,1,0.0004043671653861706
21964,21965,0,0.0
21965,21966,2,0.0008087343307723412
21966,21967,2,0.0008087343307723412
21967,21968,0,0.0
21968,21969,2,0.0008087343307723412
21969,21970,0,0.0
21970,21971,0,0.0
21971,21972,2,0.0008087343307723412
21972,21973,0,0.0
21973,21974,1,0.0004043671653861706
21974,21975,0,0.0
21975,21976,1,0.0004043671653861706
21976,21977,0,0.0
21977,21978,0,0.0
21978,21979,1,0.0004043671653861706
21979,21980,0,0.0
21980,21981,2,0.0008087343307723412
21981,21982,0,0.0
21982,21983,0,0.0
21983,21984,3,0.001213101496158512
21984,21985,1,0.0004043671653861706
21985,21986,1,0.0004043671653861706
21986,21987,3,0.001213101496158512
21987,21988,0,0.0
21988,21989,2,0.0008087343307723412
21989,21990,1,0.0004043671653861706
21990,21991,0,0.0
21991,21992,0,0.0
21992,21993,0,0.0
21993,21994,2,0.0008087343307723412
21994,21995,1,0.0004043671653861706
21995,21996,1,0.0004043671653861706
21996,21997,0,0.0
21997,21998,0,0.0
21998,21999,3,0.001213101496158512
21999,22000,2,0.0008087343307723412
22000,22001,1,0.0004043671653861706
22001,22002,1,0.0004043671653861706
22002,22003,0,0.0
22003,22004,0,0.0
22004,22005,1,0.0004043671653861706
22005,22006,0,0.0
22006,22007,0,0.0
22007,22008,2,0.0008087343307723412
22008,22009,0,0.0
22009,22010,1,0.0004043671653861706
22010,22011,0,0.0
22011,22012,0,0.0
22012,22013,1,0.0004043671653861706
22013,22014,1,0.0004043671653861706
22014,22015,0,0.0
22015,22016,1,0.0004043671653861706
22016,22017,2,0.0008087343307723412
22017,22018,1,0.0004043671653861706
22018,22019,0,0.0
22019,22020,1,0.0004043671653861706
22020,22021,1,0.0004043671653861706
22021,22022,1,0.0004043671653861706
22022,22023,1,0.0004043671653861706
22023,22024,2,0.0008087343307723412
22024,22025,0,0.0
22025,22026,2,0.0008087343307723412
22026,22027,0,0.0
22027,22028,1,0.0004043671653861706
22028,22029,0,0.0
22029,22030,0,0.0
22030,22031,1,0.0004043671653861706
22031,22032,3,0.001213101496158512
22032,22033,2,0.0008087343307723412
22033,22034,1,0.0004043671653861706
22034,22035,1,0.0004043671653861706
22035,22036,0,0.0
22036,22037,1,0.0004043671653861706
22037,22038,2,0.0008087343307723412
22038,22039,3,0.001213101496158512
22039,22040,0,0.0
22040,22041,0,0.0
22041,22042,2,0.0008087343307723412
22042,22043,1,0.0004043671653861706
22043,22044,0,0.0
22044,22045,0,0.0
22045,22046,2,0.0008087343307723412
22046,22047,1,0.0004043671653861706
22047,22048,1,0.0004043671653861706
22048,22049,0,0.0
22049,22050,0,0.0
22050,22051,2,0.0008087343307723412
22051,22052,2,0.0008087343307723412
22052,22053,0,0.0
22053,22054,1,0.0004043671653861706
22054,22055,0,0.0
22055,22056,0,0.0
22056,22057,0,0.0
22057,22058,2,0.0008087343307723412
22058,22059,2,0.0008087343307723412
22059,22060,0,0.0
22060,22061,1,0.0004043671653861706
22061,22062,1,0.0004043671653861706
22062,22063,1,0.0004043671653861706
22063,22064,1,0.0004043671653861706
22064,22065,1,0.0004043671653861706
22065,22066,1,0.0004043671653861706
22066,22067,2,0.0008087343307723412
22067,22068,0,0.0
22068,22069,1,0.0004043671653861706
22069,22070,0,0.0
22070,22071,2,0.0008087343307723412
22071,22072,1,0.0004043671653861706
22072,22073,2,0.0008087343307723412
22073,22074,2,0.0008087343307723412
22074,22075,1,0.0004043671653861706
22075,22076,2,0.0008087343307723412
22076,22077,1,0.0004043671653861706
22077,22078,1,0.0004043671653861706
22078,22079,1,0.0004043671653861706
22079,22080,1,0.0004043671653861706
22080,22081,0,0.0
22081,22082,2,0.0008087343307723412
22082,22083,2,0.0008087343307723412
22083,22084,0,0.0
22084,22085,0,0.0
22085,22086,1,0.0004043671653861706
22086,22087,0,0.0
22087,22088,0,0.0
22088,22089,0,0.0
22089,22090,1,0.0004043671653861706
22090,22091,1,0.0004043671653861706
22091,22092,1,0.0004043671653861706
22092,22093,1,0.0004043671653861706
22093,22094,2,0.0008087343307723412
22094,22095,1,0.0004043671653861706
22095,22096,3,0.001213101496158512
22096,22097,0,0.0
22097,22098,1,0.0004043671653861706
22098,22099,0,0.0
22099,22100,1,0.0004043671653861706
22100,22101,0,0.0
22101,22102,1,0.0004043671653861706
22102,22103,1,0.0004043671653861706
22103,22104,2,0.0008087343307723412
22104,22105,0,0.0
22105,22106,3,0.001213101496158512
22106,22107,3,0.001213101496158512
22107,22108,3,0.001213101496158512
22108,22109,0,0.0
22109,22110,1,0.0004043671653861706
22110,22111,0,0.0
22111,22112,1,0.0004043671653861706
22112,22113,3,0.001213101496158512
22113,22114,0,0.0
22114,22115,0,0.0
22115,22116,0,0.0
22116,22117,2,0.0008087343307723412
22117,22118,3,0.001213101496158512
22118,22119,0,0.0
22119,22120,0,0.0
22120,22121,1,0.0004043671653861706
22121,22122,0,0.0
22122,22123,1,0.0004043671653861706
22123,22124,1,0.0004043671653861706
22124,22125,1,0.0004043671653861706
22125,22126,1,0.0004043671653861706
22126,22127,1,0.0004043671653861706
22127,22128,2,0.0008087343307723412
22128,22129,0,0.0
22129,22130,1,0.0004043671653861706
22130,22131,2,0.0008087343307723412
22131,22132,0,0.0
22132,22133,1,0.0004043671653861706
22133,22134,1,0.0004043671653861706
22134,22135,1,0.0004043671653861706
22135,22136,0,0.0
22136,22137,2,0.0008087343307723412
22137,22138,1,0.0004043671653861706
22138,22139,0,0.0
22139,22140,1,0.0004043671653861706
22140,22141,4,0.0016174686615446825
22141,22142,0,0.0
22142,22143,1,0.0004043671653861706
22143,22144,1,0.0004043671653861706
22144,22145,1,0.0004043671653861706
22145,22146,2,0.0008087343307723412
22146,22147,1,0.0004043671653861706
22147,22148,0,0.0
22148,22149,1,0.0004043671653861706
22149,22150,0,0.0
22150,22151,1,0.0004043671653861706
22151,22152,2,0.0008087343307723412
22152,22153,1,0.0004043671653861706
22153,22154,3,0.001213101496158512
22154,22155,0,0.0
22155,22156,1,0.0004043671653861706
22156,22157,2,0.0008087343307723412
22157,22158,1,0.0004043671653861706
22158,22159,3,0.001213101496158512
22159,22160,0,0.0
22160,22161,0,0.0
22161,22162,1,0.0004043671653861706
22162,22163,0,0.0
22163,22164,2,0.0008087343307723412
22164,22165,1,0.0004043671653861706
22165,22166,0,0.0
22166,22167,0,0.0
22167,22168,3,0.001213101496158512
22168,22169,0,0.0
22169,22170,3,0.001213101496158512
22170,22171,2,0.0008087343307723412
22171,22172,2,0.0008087343307723412
22172,22173,2,0.0008087343307723412
22173,22174,1,0.0004043671653861706
22174,22175,0,0.0
22175,22176,1,0.0004043671653861706
22176,22177,2,0.0008087343307723412
22177,22178,0,0.0
22178,22179,1,0.0004043671653861706
22179,22180,1,0.0004043671653861706
22180,22181,0,0.0
22181,22182,1,0.0004043671653861706
22182,22183,1,0.0004043671653861706
22183,22184,1,0.0004043671653861706
22184,22185,2,0.0008087343307723412
22185,22186,0,0.0
22186,22187,0,0.0
22187,22188,0,0.0
22188,22189,2,0.0008087343307723412
22189,22190,1,0.0004043671653861706
22190,22191,0,0.0
22191,22192,2,0.0008087343307723412
22192,22193,3,0.001213101496158512
22193,22194,2,0.0008087343307723412
22194,22195,2,0.0008087343307723412
22195,22196,4,0.0016174686615446825
22196,22197,1,0.0004043671653861706
22197,22198,1,0.0004043671653861706
22198,22199,2,0.0008087343307723412
22199,22200,1,0.0004043671653861706
22200,22201,1,0.0004043671653861706
22201,22202,1,0.0004043671653861706
22202,22203,1,0.0004043671653861706
22203,22204,0,0.0
22204,22205,1,0.0004043671653861706
22205,22206,1,0.0004043671653861706
22206,22207,1,0.0004043671653861706
22207,22208,1,0.0004043671653861706
22208,22209,1,0.0004043671653861706
22209,22210,1,0.0004043671653861706
22210,22211,1,0.0004043671653861706
22211,22212,2,0.0008087343307723412
22212,22213,0,0.0
22213,22214,0,0.0
22214,22215,2,0.0008087343307723412
22215,22216,2,0.0008087343307723412
22216,22217,1,0.0004043671653861706
22217,22218,4,0.0016174686615446825
22218,22219,1,0.0004043671653861706
22219,22220,0,0.0
22220,22221,2,0.0008087343307723412
22221,22222,2,0.0008087343307723412
22222,22223,0,0.0
22223,22224,3,0.001213101496158512
22224,22225,0,0.0
22225,22226,2,0.0008087343307723412
22226,22227,2,0.0008087343307723412
22227,22228,1,0.0004043671653861706
22228,22229,1,0.0004043671653861706
22229,22230,2,0.0008087343307723412
22230,22231,2,0.0008087343307723412
22231,22232,4,0.0016174686615446825
22232,22233,2,0.0008087343307723412
22233,22234,0,0.0
22234,22235,0,0.0
22235,22236,3,0.001213101496158512
22236,22237,0,0.0
22237,22238,1,0.0004043671653861706
22238,22239,2,0.0008087343307723412
22239,22240,0,0.0
22240,22241,1,0.0004043671653861706
22241,22242,1,0.0004043671653861706
22242,22243,3,0.001213101496158512
22243,22244,2,0.0008087343307723412
22244,22245,1,0.0004043671653861706
22245,22246,1,0.0004043671653861706
22246,22247,0,0.0
22247,22248,0,0.0
22248,22249,0,0.0
22249,22250,0,0.0
22250,22251,1,0.0004043671653861706
22251,22252,1,0.0004043671653861706
22252,22253,0,0.0
22253,22254,3,0.001213101496158512
22254,22255,3,0.001213101496158512
22255,22256,4,0.0016174686615446825
22256,22257,3,0.001213101496158512
22257,22258,1,0.0004043671653861706
22258,22259,0,0.0
22259,22260,0,0.0
22260,22261,2,0.0008087343307723412
22261,22262,2,0.0008087343307723412
22262,22263,2,0.0008087343307723412
22263,22264,3,0.001213101496158512
22264,22265,2,0.0008087343307723412
22265,22266,0,0.0
22266,22267,0,0.0
22267,22268,1,0.0004043671653861706
22268,22269,2,0.0008087343307723412
22269,22270,0,0.0
22270,22271,3,0.001213101496158512
22271,22272,2,0.0008087343307723412
22272,22273,1,0.0004043671653861706
22273,22274,1,0.0004043671653861706
22274,22275,0,0.0
22275,22276,2,0.0008087343307723412
22276,22277,1,0.0004043671653861706
22277,22278,1,0.0004043671653861706
22278,22279,0,0.0
22279,22280,2,0.0008087343307723412
22280,22281,0,0.0
22281,22282,6,0.002426202992317024
22282,22283,2,0.0008087343307723412
22283,22284,0,0.0
22284,22285,0,0.0
22285,22286,2,0.0008087343307723412
22286,22287,2,0.0008087343307723412
22287,22288,2,0.0008087343307723412
22288,22289,1,0.0004043671653861706
22289,22290,3,0.001213101496158512
22290,22291,0,0.0
22291,22292,3,0.001213101496158512
22292,22293,2,0.0008087343307723412
22293,22294,1,0.0004043671653861706
22294,22295,2,0.0008087343307723412
22295,22296,2,0.0008087343307723412
22296,22297,1,0.0004043671653861706
22297,22298,0,0.0
22298,22299,1,0.0004043671653861706
22299,22300,3,0.001213101496158512
22300,22301,3,0.001213101496158512
22301,22302,1,0.0004043671653861706
22302,22303,3,0.001213101496158512
22303,22304,1,0.0004043671653861706
22304,22305,3,0.001213101496158512
22305,22306,2,0.0008087343307723412
22306,22307,1,0.0004043671653861706
22307,22308,0,0.0
22308,22309,4,0.0016174686615446825
22309,22310,2,0.0008087343307723412
22310,22311,2,0.0008087343307723412
22311,22312,1,0.0004043671653861706
22312,22313,0,0.0
22313,22314,0,0.0
22314,22315,4,0.0016174686615446825
22315,22316,2,0.0008087343307723412
22316,22317,2,0.0008087343307723412
22317,22318,3,0.001213101496158512
22318,22319,1,0.0004043671653861706
22319,22320,1,0.0004043671653861706
22320,22321,2,0.0008087343307723412
22321,22322,2,0.0008087343307723412
22322,22323,3,0.001213101496158512
22323,22324,2,0.0008087343307723412
22324,22325,0,0.0
22325,22326,3,0.001213101496158512
22326,22327,0,0.0
22327,22328,2,0.0008087343307723412
22328,22329,1,0.0004043671653861706
22329,22330,4,0.0016174686615446825
22330,22331,4,0.0016174686615446825
22331,22332,2,0.0008087343307723412
22332,22333,0,0.0
22333,22334,1,0.0004043671653861706
22334,22335,5,0.0020218358269308533
22335,22336,2,0.0008087343307723412
22336,22337,3,0.001213101496158512
22337,22338,0,0.0
22338,22339,2,0.0008087343307723412
22339,22340,1,0.0004043671653861706
22340,22341,2,0.0008087343307723412
22341,22342,4,0.0016174686615446825
22342,22343,2,0.0008087343307723412
22343,22344,2,0.0008087343307723412
22344,22345,0,0.0
22345,22346,4,0.0016174686615446825
22346,22347,4,0.0016174686615446825
22347,22348,1,0.0004043671653861706
22348,22349,3,0.001213101496158512
22349,22350,2,0.0008087343307723412
22350,22351,5,0.0020218358269308533
22351,22352,1,0.0004043671653861706
22352,22353,5,0.0020218358269308533
22353,22354,2,0.0008087343307723412
22354,22355,3,0.001213101496158512
22355,22356,4,0.0016174686615446825
22356,22357,2,0.0008087343307723412
22357,22358,2,0.0008087343307723412
22358,22359,3,0.001213101496158512
22359,22360,3,0.001213101496158512
22360,22361,3,0.001213101496158512
22361,22362,2,0.0008087343307723412
22362,22363,5,0.0020218358269308533
22363,22364,4,0.0016174686615446825
22364,22365,5,0.0020218358269308533
22365,22366,2,0.0008087343307723412
22366,22367,4,0.0016174686615446825
22367,22368,1,0.0004043671653861706
22368,22369,7,0.0028305701577031944
22369,22370,1,0.0004043671653861706
22370,22371,6,0.002426202992317024
22371,22372,2,0.0008087343307723412
22372,22373,4,0.0016174686615446825
22373,22374,0,0.0
22374,22375,2,0.0008087343307723412
22375,22376,4,0.0016174686615446825
22376,22377,4,0.0016174686615446825
22377,22378,1,0.0004043671653861706
22378,22379,2,0.0008087343307723412
22379,22380,2,0.0008087343307723412
22380,22381,5,0.0020218358269308533
22381,22382,2,0.0008087343307723412
22382,22383,1,0.0004043671653861706
22383,22384,2,0.0008087343307723412
22384,22385,2,0.0008087343307723412
22385,22386,2,0.0008087343307723412
22386,22387,3,0.001213101496158512
22387,22388,2,0.0008087343307723412
22388,22389,1,0.0004043671653861706
22389,22390,1,0.0004043671653861706
22390,22391,3,0.001213101496158512
22391,22392,2,0.0008087343307723412
22392,22393,1,0.0004043671653861706
22393,22394,0,0.0
22394,22395,0,0.0
22395,22396,3,0.001213101496158512
22396,22397,2,0.0008087343307723412
22397,22398,5,0.0020218358269308533
22398,22399,2,0.0008087343307723412
22399,22400,1,0.0004043671653861706
22400,22401,3,0.001213101496158512
22401,22402,1,0.0004043671653861706
22402,22403,2,0.0008087343307723412
22403,22404,2,0.0008087343307723412
22404,22405,0,0.0
22405,22406,4,0.0016174686615446825
22406,22407,3,0.001213101496158512
22407,22408,3,0.001213101496158512
22408,22409,4,0.0016174686615446825
22409,22410,1,0.0004043671653861706
22410,22411,1,0.0004043671653861706
22411,22412,1,0.0004043671653861706
22412,22413,1,0.0004043671653861706
22413,22414,1,0.0004043671653861706
22414,22415,2,0.0008087343307723412
22415,22416,1,0.0004043671653861706
22416,22417,3,0.001213101496158512
22417,22418,4,0.0016174686615446825
22418,22419,1,0.0004043671653861706
22419,22420,1,0.0004043671653861706
22420,22421,2,0.0008087343307723412
22421,22422,1,0.0004043671653861706
22422,22423,2,0.0008087343307723412
22423,22424,2,0.0008087343307723412
22424,22425,2,0.0008087343307723412
22425,22426,2,0.0008087343307723412
22426,22427,2,0.0008087343307723412
22427,22428,0,0.0
22428,22429,0,0.0
22429,22430,3,0.001213101496158512
22430,22431,1,0.0004043671653861706
22431,22432,0,0.0
22432,22433,0,0.0
22433,22434,3,0.001213101496158512
22434,22435,5,0.0020218358269308533
22435,22436,0,0.0
22436,22437,4,0.0016174686615446825
22437,22438,3,0.001213101496158512
22438,22439,1,0.0004043671653861706
22439,22440,1,0.0004043671653861706
22440,22441,3,0.001213101496158512
22441,22442,2,0.0008087343307723412
22442,22443,2,0.0008087343307723412
22443,22444,2,0.0008087343307723412
22444,22445,0,0.0
22445,22446,0,0.0
22446,22447,4,0.0016174686615446825
22447,22448,2,0.0008087343307723412
22448,22449,4,0.0016174686615446825
22449,22450,1,0.0004043671653861706
22450,22451,0,0.0
22451,22452,0,0.0
22452,22453,2,0.0008087343307723412
22453,22454,2,0.0008087343307723412
22454,22455,1,0.0004043671653861706
22455,22456,1,0.0004043671653861706
22456,22457,5,0.0020218358269308533
22457,22458,1,0.0004043671653861706
22458,22459,3,0.001213101496158512
22459,22460,0,0.0
22460,22461,0,0.0
22461,22462,2,0.0008087343307723412
22462,22463,1,0.0004043671653861706
22463,22464,0,0.0
22464,22465,1,0.0004043671653861706
22465,22466,1,0.0004043671653861706
22466,22467,2,0.0008087343307723412
22467,22468,1,0.0004043671653861706
22468,22469,0,0.0
22469,22470,3,0.001213101496158512
22470,22471,1,0.0004043671653861706
22471,22472,0,0.0
22472,22473,0,0.0
22473,22474,0,0.0
22474,22475,0,0.0
22475,22476,0,0.0
22476,22477,0,0.0
22477,22478,1,0.0004043671653861706
22478,22479,1,0.0004043671653861706
22479,22480,0,0.0
22480,22481,0,0.0
22481,22482,0,0.0
22482,22483,2,0.0008087343307723412
